--------------------------------------------------------
--  파일이 생성됨 - 수요일-6월-25-2025   
--------------------------------------------------------
--------------------------------------------------------
--  DDL for Sequence DELIVERY_ADDRESS_SEQ
--------------------------------------------------------

   CREATE SEQUENCE  "SOYO"."DELIVERY_ADDRESS_SEQ"  MINVALUE 1 MAXVALUE 9999999999999999999999999999 INCREMENT BY 1 START WITH 4 NOCACHE  NOORDER  NOCYCLE
--------------------------------------------------------
--  DDL for Sequence ORDER_SEQ
--------------------------------------------------------

   CREATE SEQUENCE  "SOYO"."ORDER_SEQ"  MINVALUE 1 MAXVALUE 99999 INCREMENT BY 1 START WITH 32 NOCACHE  NOORDER  NOCYCLE
--------------------------------------------------------
--  DDL for Sequence SEQ_CART
--------------------------------------------------------

   CREATE SEQUENCE  "SOYO"."SEQ_CART"  MINVALUE 1 MAXVALUE 9999999999999999999999999999 INCREMENT BY 1 START WITH 1 NOCACHE  NOORDER  NOCYCLE
--------------------------------------------------------
--  DDL for Sequence SEQ_CART_NO
--------------------------------------------------------

   CREATE SEQUENCE  "SOYO"."SEQ_CART_NO"  MINVALUE 1 MAXVALUE 9999999999999999999999999999 INCREMENT BY 1 START WITH 32 NOCACHE  NOORDER  NOCYCLE
--------------------------------------------------------
--  DDL for Sequence SEQ_DELIVERY_ADDRESS
--------------------------------------------------------

   CREATE SEQUENCE  "SOYO"."SEQ_DELIVERY_ADDRESS"  MINVALUE 1 MAXVALUE 9999999999999999999999999999 INCREMENT BY 1 START WITH 27 NOCACHE  NOORDER  NOCYCLE
--------------------------------------------------------
--  DDL for Sequence SEQ_NOTICE
--------------------------------------------------------

   CREATE SEQUENCE  "SOYO"."SEQ_NOTICE"  MINVALUE 1 MAXVALUE 9999999999999999999999999999 INCREMENT BY 1 START WITH 20 NOCACHE  NOORDER  NOCYCLE
--------------------------------------------------------
--  DDL for Sequence SEQ_ORDER
--------------------------------------------------------

   CREATE SEQUENCE  "SOYO"."SEQ_ORDER"  MINVALUE 1 MAXVALUE 9999999999999999999999999999 INCREMENT BY 1 START WITH 1 NOCACHE  NOORDER  NOCYCLE
--------------------------------------------------------
--  DDL for Sequence SEQ_ORDER_DETAIL
--------------------------------------------------------

   CREATE SEQUENCE  "SOYO"."SEQ_ORDER_DETAIL"  MINVALUE 1 MAXVALUE 9999999999999999999999999999 INCREMENT BY 1 START WITH 1 NOCACHE  NOORDER  NOCYCLE
--------------------------------------------------------
--  DDL for Sequence SEQ_PRODUCT
--------------------------------------------------------

   CREATE SEQUENCE  "SOYO"."SEQ_PRODUCT"  MINVALUE 1 MAXVALUE 9999999999999999999999999999 INCREMENT BY 1 START WITH 34 NOCACHE  NOORDER  NOCYCLE
--------------------------------------------------------
--  DDL for Sequence SEQ_PRODUCT_SIZE
--------------------------------------------------------

   CREATE SEQUENCE  "SOYO"."SEQ_PRODUCT_SIZE"  MINVALUE 1 MAXVALUE 9999999999999999999999999999 INCREMENT BY 1 START WITH 1 NOCACHE  NOORDER  NOCYCLE
--------------------------------------------------------
--  DDL for Sequence SEQ_REVIEW
--------------------------------------------------------

   CREATE SEQUENCE  "SOYO"."SEQ_REVIEW"  MINVALUE 1 MAXVALUE 9999999999999999999999999999 INCREMENT BY 1 START WITH 13 NOCACHE  NOORDER  NOCYCLE
--------------------------------------------------------
--  DDL for Table CART
--------------------------------------------------------

  CREATE TABLE "SOYO"."CART" 
   (	"CART_NO" NUMBER, 
	"PRODUCT_COUNT" NUMBER, 
	"CART_ENROLLDATE" DATE DEFAULT SYSDATE, 
	"MEMBER_ID" VARCHAR2(20) NOT NULL ENABLE, 
	"PRODUCT_NO" NUMBER, 
	"PRODUCT_SIZE" CHAR(1), 
	 PRIMARY KEY ("CART_NO")
  USING INDEX PCTFREE 10 INITRANS 2 MAXTRANS 255 COMPUTE STATISTICS 
  STORAGE(INITIAL 65536 NEXT 1048576 MINEXTENTS 1 MAXEXTENTS 2147483645
  PCTINCREASE 0 FREELISTS 1 FREELIST GROUPS 1 BUFFER_POOL DEFAULT FLASH_CACHE DEFAULT CELL_FLASH_CACHE DEFAULT)
  TABLESPACE "SYSTEM"  ENABLE
   ) SEGMENT CREATION IMMEDIATE 
  PCTFREE 10 PCTUSED 40 INITRANS 1 MAXTRANS 255 NOCOMPRESS LOGGING
  STORAGE(INITIAL 65536 NEXT 1048576 MINEXTENTS 1 MAXEXTENTS 2147483645
  PCTINCREASE 0 FREELISTS 1 FREELIST GROUPS 1 BUFFER_POOL DEFAULT FLASH_CACHE DEFAULT CELL_FLASH_CACHE DEFAULT)
  TABLESPACE "SYSTEM" 

   COMMENT ON COLUMN "SOYO"."CART"."CART_NO" IS '장바구니 번호'
   COMMENT ON COLUMN "SOYO"."CART"."PRODUCT_COUNT" IS '상품 수량'
   COMMENT ON COLUMN "SOYO"."CART"."CART_ENROLLDATE" IS '장바구니 담은 날짜'
   COMMENT ON COLUMN "SOYO"."CART"."MEMBER_ID" IS '회원 아이디'
   COMMENT ON COLUMN "SOYO"."CART"."PRODUCT_NO" IS '상품 번호'
   COMMENT ON TABLE "SOYO"."CART"  IS '장바구니 테이블'
--------------------------------------------------------
--  DDL for Table DELIVERY_ADDRESS
--------------------------------------------------------

  CREATE TABLE "SOYO"."DELIVERY_ADDRESS" 
   (	"ADDRESS_NO" NUMBER, 
	"ADDRESS_NAME" VARCHAR2(30) NOT NULL ENABLE, 
	"ADDRESS_OTHER" VARCHAR2(200) NOT NULL ENABLE, 
	"IS_DEFAULT" CHAR(1) DEFAULT 'N', 
	"RECEIVER_NAME" VARCHAR2(10), 
	"RECEIVER_PHONE" VARCHAR2(30), 
	"MEMBER_ID" VARCHAR2(20) NOT NULL ENABLE, 
	"ORDER_IMPNO" VARCHAR2(50), 
	 PRIMARY KEY ("ADDRESS_NO")
  USING INDEX PCTFREE 10 INITRANS 2 MAXTRANS 255 COMPUTE STATISTICS 
  STORAGE(INITIAL 65536 NEXT 1048576 MINEXTENTS 1 MAXEXTENTS 2147483645
  PCTINCREASE 0 FREELISTS 1 FREELIST GROUPS 1 BUFFER_POOL DEFAULT FLASH_CACHE DEFAULT CELL_FLASH_CACHE DEFAULT)
  TABLESPACE "SYSTEM"  ENABLE
   ) SEGMENT CREATION IMMEDIATE 
  PCTFREE 10 PCTUSED 40 INITRANS 1 MAXTRANS 255 NOCOMPRESS LOGGING
  STORAGE(INITIAL 65536 NEXT 1048576 MINEXTENTS 1 MAXEXTENTS 2147483645
  PCTINCREASE 0 FREELISTS 1 FREELIST GROUPS 1 BUFFER_POOL DEFAULT FLASH_CACHE DEFAULT CELL_FLASH_CACHE DEFAULT)
  TABLESPACE "SYSTEM" 

   COMMENT ON COLUMN "SOYO"."DELIVERY_ADDRESS"."ADDRESS_NO" IS '배송지 번호'
   COMMENT ON COLUMN "SOYO"."DELIVERY_ADDRESS"."ADDRESS_NAME" IS '배송지 이름'
   COMMENT ON COLUMN "SOYO"."DELIVERY_ADDRESS"."ADDRESS_OTHER" IS '배송지 상세 주소'
   COMMENT ON COLUMN "SOYO"."DELIVERY_ADDRESS"."IS_DEFAULT" IS '기본 배송지 여부 (Y/N)'
   COMMENT ON COLUMN "SOYO"."DELIVERY_ADDRESS"."RECEIVER_NAME" IS '수령인 이름'
   COMMENT ON COLUMN "SOYO"."DELIVERY_ADDRESS"."RECEIVER_PHONE" IS '수령인 연락처'
   COMMENT ON COLUMN "SOYO"."DELIVERY_ADDRESS"."MEMBER_ID" IS '회원 아이디'
   COMMENT ON TABLE "SOYO"."DELIVERY_ADDRESS"  IS '회원 배송지 테이블'
--------------------------------------------------------
--  DDL for Table MEMBER
--------------------------------------------------------

  CREATE TABLE "SOYO"."MEMBER" 
   (	"MEMBER_ID" VARCHAR2(20), 
	"MEMBER_PWD" VARCHAR2(100) NOT NULL ENABLE, 
	"MEMBER_NAME" VARCHAR2(18) NOT NULL ENABLE, 
	"GENDER" VARCHAR2(1), 
	"BIRTH_DATE" DATE NOT NULL ENABLE, 
	"EMAIL" VARCHAR2(30) NOT NULL ENABLE, 
	"PHONE" VARCHAR2(11) NOT NULL ENABLE, 
	"ADDRESS" VARCHAR2(400) NOT NULL ENABLE, 
	"ENROLL_DATE" DATE DEFAULT SYSDATE NOT NULL ENABLE, 
	"STATUS" CHAR(1) DEFAULT 'Y' NOT NULL ENABLE, 
	 CHECK (STATUS IN ('Y','N')) ENABLE, 
	 PRIMARY KEY ("MEMBER_ID")
  USING INDEX PCTFREE 10 INITRANS 2 MAXTRANS 255 COMPUTE STATISTICS 
  STORAGE(INITIAL 65536 NEXT 1048576 MINEXTENTS 1 MAXEXTENTS 2147483645
  PCTINCREASE 0 FREELISTS 1 FREELIST GROUPS 1 BUFFER_POOL DEFAULT FLASH_CACHE DEFAULT CELL_FLASH_CACHE DEFAULT)
  TABLESPACE "SYSTEM"  ENABLE
   ) SEGMENT CREATION IMMEDIATE 
  PCTFREE 10 PCTUSED 40 INITRANS 1 MAXTRANS 255 NOCOMPRESS LOGGING
  STORAGE(INITIAL 65536 NEXT 1048576 MINEXTENTS 1 MAXEXTENTS 2147483645
  PCTINCREASE 0 FREELISTS 1 FREELIST GROUPS 1 BUFFER_POOL DEFAULT FLASH_CACHE DEFAULT CELL_FLASH_CACHE DEFAULT)
  TABLESPACE "SYSTEM"
--------------------------------------------------------
--  DDL for Table NOTICE
--------------------------------------------------------

  CREATE TABLE "SOYO"."NOTICE" 
   (	"NOTICE_NO" NUMBER, 
	"NOTICE_TITLE" VARCHAR2(200), 
	"NOTICE_CONTENT" VARCHAR2(200), 
	"NOTICE_DATE" DATE, 
	"NOTICE_IMAGE" VARCHAR2(200), 
	"NOTICE_TYPE" VARCHAR2(12), 
	"STATUS" CHAR(1), 
	 PRIMARY KEY ("NOTICE_NO")
  USING INDEX PCTFREE 10 INITRANS 2 MAXTRANS 255 COMPUTE STATISTICS 
  STORAGE(INITIAL 65536 NEXT 1048576 MINEXTENTS 1 MAXEXTENTS 2147483645
  PCTINCREASE 0 FREELISTS 1 FREELIST GROUPS 1 BUFFER_POOL DEFAULT FLASH_CACHE DEFAULT CELL_FLASH_CACHE DEFAULT)
  TABLESPACE "SYSTEM"  ENABLE
   ) SEGMENT CREATION IMMEDIATE 
  PCTFREE 10 PCTUSED 40 INITRANS 1 MAXTRANS 255 NOCOMPRESS LOGGING
  STORAGE(INITIAL 65536 NEXT 1048576 MINEXTENTS 1 MAXEXTENTS 2147483645
  PCTINCREASE 0 FREELISTS 1 FREELIST GROUPS 1 BUFFER_POOL DEFAULT FLASH_CACHE DEFAULT CELL_FLASH_CACHE DEFAULT)
  TABLESPACE "SYSTEM" 

   COMMENT ON COLUMN "SOYO"."NOTICE"."NOTICE_NO" IS '공지 고유번호'
   COMMENT ON COLUMN "SOYO"."NOTICE"."NOTICE_TITLE" IS '공지 제목'
   COMMENT ON COLUMN "SOYO"."NOTICE"."NOTICE_CONTENT" IS '공지 내용'
   COMMENT ON COLUMN "SOYO"."NOTICE"."NOTICE_DATE" IS '작성일자'
   COMMENT ON COLUMN "SOYO"."NOTICE"."NOTICE_IMAGE" IS '이미지파일 이름 + 경로'
   COMMENT ON COLUMN "SOYO"."NOTICE"."NOTICE_TYPE" IS '이벤트/공지사항 구분'
   COMMENT ON COLUMN "SOYO"."NOTICE"."STATUS" IS '공지 상태'
   COMMENT ON TABLE "SOYO"."NOTICE"  IS '공지사항 테이블'
--------------------------------------------------------
--  DDL for Table ORDER_TB
--------------------------------------------------------

  CREATE TABLE "SOYO"."ORDER_TB" 
   (	"ORDER_NO" NUMBER, 
	"ORDER_IMPNO" VARCHAR2(50) NOT NULL ENABLE, 
	"TOTAL_PRICE" NUMBER NOT NULL ENABLE, 
	"RECEIVER_NAME" VARCHAR2(50), 
	"RECEIVER_PHONE" VARCHAR2(20), 
	"REQUEST_MSG" VARCHAR2(1000), 
	"DELIVERY_DATE" DATE, 
	"CANCEL_DATE" DATE, 
	"ORDER_DATE" DATE NOT NULL ENABLE, 
	"ORDER_STATUS" VARCHAR2(20) DEFAULT '주문완료', 
	"MEMBER_ID" VARCHAR2(20) NOT NULL ENABLE, 
	 PRIMARY KEY ("ORDER_NO")
  USING INDEX PCTFREE 10 INITRANS 2 MAXTRANS 255 COMPUTE STATISTICS 
  STORAGE(INITIAL 65536 NEXT 1048576 MINEXTENTS 1 MAXEXTENTS 2147483645
  PCTINCREASE 0 FREELISTS 1 FREELIST GROUPS 1 BUFFER_POOL DEFAULT FLASH_CACHE DEFAULT CELL_FLASH_CACHE DEFAULT)
  TABLESPACE "SYSTEM"  ENABLE, 
	 UNIQUE ("ORDER_IMPNO")
  USING INDEX PCTFREE 10 INITRANS 2 MAXTRANS 255 COMPUTE STATISTICS 
  STORAGE(INITIAL 65536 NEXT 1048576 MINEXTENTS 1 MAXEXTENTS 2147483645
  PCTINCREASE 0 FREELISTS 1 FREELIST GROUPS 1 BUFFER_POOL DEFAULT FLASH_CACHE DEFAULT CELL_FLASH_CACHE DEFAULT)
  TABLESPACE "SYSTEM"  ENABLE
   ) SEGMENT CREATION IMMEDIATE 
  PCTFREE 10 PCTUSED 40 INITRANS 1 MAXTRANS 255 NOCOMPRESS LOGGING
  STORAGE(INITIAL 65536 NEXT 1048576 MINEXTENTS 1 MAXEXTENTS 2147483645
  PCTINCREASE 0 FREELISTS 1 FREELIST GROUPS 1 BUFFER_POOL DEFAULT FLASH_CACHE DEFAULT CELL_FLASH_CACHE DEFAULT)
  TABLESPACE "SYSTEM"
--------------------------------------------------------
--  DDL for Table PAYMENT
--------------------------------------------------------

  CREATE TABLE "SOYO"."PAYMENT" 
   (	"ORDER_IMPNO" VARCHAR2(100) NOT NULL ENABLE, 
	"PRODUCT_NO" NUMBER, 
	"PRODUCT_COUNT" NUMBER, 
	"CANCEL_STATUS" VARCHAR2(20) DEFAULT '결제완료', 
	"CANCEL_REASON" VARCHAR2(200)
   ) SEGMENT CREATION IMMEDIATE 
  PCTFREE 10 PCTUSED 40 INITRANS 1 MAXTRANS 255 NOCOMPRESS LOGGING
  STORAGE(INITIAL 65536 NEXT 1048576 MINEXTENTS 1 MAXEXTENTS 2147483645
  PCTINCREASE 0 FREELISTS 1 FREELIST GROUPS 1 BUFFER_POOL DEFAULT FLASH_CACHE DEFAULT CELL_FLASH_CACHE DEFAULT)
  TABLESPACE "SYSTEM"
--------------------------------------------------------
--  DDL for Table PRODUCT
--------------------------------------------------------

  CREATE TABLE "SOYO"."PRODUCT" 
   (	"PRODUCT_NO" NUMBER, 
	"PRODUCT_NAME" VARCHAR2(200), 
	"PRODUCT_PRICE" NUMBER, 
	"PRODUCT_CATEGORY" VARCHAR2(15), 
	"PRODUCT_CAPTION" VARCHAR2(300), 
	"PRODUCT_SUB_CAPTION" CLOB, 
	"PRODUCT_ORIGIN" VARCHAR2(300), 
	"PRODUCT_CHANGE" VARCHAR2(300), 
	"PRODUCT_REGISTERED_DATE" DATE, 
	"STATUS" CHAR(1), 
	"PRODUCT_SUB_ORIGIN" VARCHAR2(300), 
	"PRODUCT_SUB_CHANGE" VARCHAR2(300), 
	"PRODUCT_TAG" VARCHAR2(20), 
	 PRIMARY KEY ("PRODUCT_NO")
  USING INDEX PCTFREE 10 INITRANS 2 MAXTRANS 255 COMPUTE STATISTICS 
  STORAGE(INITIAL 65536 NEXT 1048576 MINEXTENTS 1 MAXEXTENTS 2147483645
  PCTINCREASE 0 FREELISTS 1 FREELIST GROUPS 1 BUFFER_POOL DEFAULT FLASH_CACHE DEFAULT CELL_FLASH_CACHE DEFAULT)
  TABLESPACE "SYSTEM"  ENABLE
   ) SEGMENT CREATION IMMEDIATE 
  PCTFREE 10 PCTUSED 40 INITRANS 1 MAXTRANS 255 NOCOMPRESS LOGGING
  STORAGE(INITIAL 65536 NEXT 1048576 MINEXTENTS 1 MAXEXTENTS 2147483645
  PCTINCREASE 0 FREELISTS 1 FREELIST GROUPS 1 BUFFER_POOL DEFAULT FLASH_CACHE DEFAULT CELL_FLASH_CACHE DEFAULT)
  TABLESPACE "SYSTEM" 
 LOB ("PRODUCT_SUB_CAPTION") STORE AS BASICFILE (
  TABLESPACE "SYSTEM" ENABLE STORAGE IN ROW CHUNK 8192 RETENTION 
  NOCACHE LOGGING 
  STORAGE(INITIAL 65536 NEXT 1048576 MINEXTENTS 1 MAXEXTENTS 2147483645
  PCTINCREASE 0 FREELISTS 1 FREELIST GROUPS 1 BUFFER_POOL DEFAULT FLASH_CACHE DEFAULT CELL_FLASH_CACHE DEFAULT))
--------------------------------------------------------
--  DDL for Table PRODUCT_SIZE
--------------------------------------------------------

  CREATE TABLE "SOYO"."PRODUCT_SIZE" 
   (	"PRODUCT_NO" NUMBER NOT NULL ENABLE, 
	"PRODUCT_SIZE" CHAR(1) NOT NULL ENABLE, 
	"STOCK_COUNT" NUMBER, 
	 CONSTRAINT "PK_PRODUCT" PRIMARY KEY ("PRODUCT_NO", "PRODUCT_SIZE")
  USING INDEX PCTFREE 10 INITRANS 2 MAXTRANS 255 COMPUTE STATISTICS 
  STORAGE(INITIAL 65536 NEXT 1048576 MINEXTENTS 1 MAXEXTENTS 2147483645
  PCTINCREASE 0 FREELISTS 1 FREELIST GROUPS 1 BUFFER_POOL DEFAULT FLASH_CACHE DEFAULT CELL_FLASH_CACHE DEFAULT)
  TABLESPACE "SYSTEM"  ENABLE, 
	 CONSTRAINT "FK_PRODUCT_NO" FOREIGN KEY ("PRODUCT_NO")
	  REFERENCES "SOYO"."PRODUCT" ("PRODUCT_NO") ENABLE
   ) SEGMENT CREATION IMMEDIATE 
  PCTFREE 10 PCTUSED 40 INITRANS 1 MAXTRANS 255 NOCOMPRESS LOGGING
  STORAGE(INITIAL 65536 NEXT 1048576 MINEXTENTS 1 MAXEXTENTS 2147483645
  PCTINCREASE 0 FREELISTS 1 FREELIST GROUPS 1 BUFFER_POOL DEFAULT FLASH_CACHE DEFAULT CELL_FLASH_CACHE DEFAULT)
  TABLESPACE "SYSTEM"
--------------------------------------------------------
--  DDL for Table PRODUCT_TAG
--------------------------------------------------------

  CREATE TABLE "SOYO"."PRODUCT_TAG" 
   (	"PRODUCT_NO" NUMBER, 
	"TAG_NAME" VARCHAR2(20), 
	 PRIMARY KEY ("PRODUCT_NO", "TAG_NAME")
  USING INDEX PCTFREE 10 INITRANS 2 MAXTRANS 255 COMPUTE STATISTICS 
  STORAGE(INITIAL 65536 NEXT 1048576 MINEXTENTS 1 MAXEXTENTS 2147483645
  PCTINCREASE 0 FREELISTS 1 FREELIST GROUPS 1 BUFFER_POOL DEFAULT FLASH_CACHE DEFAULT CELL_FLASH_CACHE DEFAULT)
  TABLESPACE "SYSTEM"  ENABLE
   ) SEGMENT CREATION IMMEDIATE 
  PCTFREE 10 PCTUSED 40 INITRANS 1 MAXTRANS 255 NOCOMPRESS LOGGING
  STORAGE(INITIAL 65536 NEXT 1048576 MINEXTENTS 1 MAXEXTENTS 2147483645
  PCTINCREASE 0 FREELISTS 1 FREELIST GROUPS 1 BUFFER_POOL DEFAULT FLASH_CACHE DEFAULT CELL_FLASH_CACHE DEFAULT)
  TABLESPACE "SYSTEM"
--------------------------------------------------------
--  DDL for Table RECENT_VIEW
--------------------------------------------------------

  CREATE TABLE "SOYO"."RECENT_VIEW" 
   (	"VIEW_DATE" DATE DEFAULT SYSDATE, 
	"MEMBER_ID" VARCHAR2(20) NOT NULL ENABLE, 
	"PRODUCT_NO" NUMBER
   ) SEGMENT CREATION IMMEDIATE 
  PCTFREE 10 PCTUSED 40 INITRANS 1 MAXTRANS 255 NOCOMPRESS LOGGING
  STORAGE(INITIAL 65536 NEXT 1048576 MINEXTENTS 1 MAXEXTENTS 2147483645
  PCTINCREASE 0 FREELISTS 1 FREELIST GROUPS 1 BUFFER_POOL DEFAULT FLASH_CACHE DEFAULT CELL_FLASH_CACHE DEFAULT)
  TABLESPACE "SYSTEM" 

   COMMENT ON COLUMN "SOYO"."RECENT_VIEW"."VIEW_DATE" IS '조회일자'
   COMMENT ON COLUMN "SOYO"."RECENT_VIEW"."MEMBER_ID" IS '회원 아이디'
   COMMENT ON COLUMN "SOYO"."RECENT_VIEW"."PRODUCT_NO" IS '상품 번호'
   COMMENT ON TABLE "SOYO"."RECENT_VIEW"  IS '최근 본 상품 테이블'
--------------------------------------------------------
--  DDL for Table REVIEW
--------------------------------------------------------

  CREATE TABLE "SOYO"."REVIEW" 
   (	"REVIEW_NO" NUMBER, 
	"REVIEW_TITLE" VARCHAR2(200) NOT NULL ENABLE, 
	"REVIEW_CONTENT" VARCHAR2(4000), 
	"RATING" NUMBER, 
	"REVIEW_THUMBNAIL_ORIGIN" VARCHAR2(200), 
	"REVIEW_THUMBNAIL_CHANGE" VARCHAR2(200) NOT NULL ENABLE, 
	"REVIEW_DATE" DATE NOT NULL ENABLE, 
	"STATUS" CHAR(1) DEFAULT 'Y', 
	"PRODUCT_NO" NUMBER, 
	"MEMBER_ID" VARCHAR2(20) NOT NULL ENABLE, 
	 PRIMARY KEY ("REVIEW_NO")
  USING INDEX PCTFREE 10 INITRANS 2 MAXTRANS 255 COMPUTE STATISTICS 
  STORAGE(INITIAL 65536 NEXT 1048576 MINEXTENTS 1 MAXEXTENTS 2147483645
  PCTINCREASE 0 FREELISTS 1 FREELIST GROUPS 1 BUFFER_POOL DEFAULT FLASH_CACHE DEFAULT CELL_FLASH_CACHE DEFAULT)
  TABLESPACE "SYSTEM"  ENABLE
   ) SEGMENT CREATION IMMEDIATE 
  PCTFREE 10 PCTUSED 40 INITRANS 1 MAXTRANS 255 NOCOMPRESS LOGGING
  STORAGE(INITIAL 65536 NEXT 1048576 MINEXTENTS 1 MAXEXTENTS 2147483645
  PCTINCREASE 0 FREELISTS 1 FREELIST GROUPS 1 BUFFER_POOL DEFAULT FLASH_CACHE DEFAULT CELL_FLASH_CACHE DEFAULT)
  TABLESPACE "SYSTEM"
--------------------------------------------------------
--  DDL for Table TB_LIKE
--------------------------------------------------------

  CREATE TABLE "SOYO"."TB_LIKE" 
   (	"REVIEW_NO" NUMBER, 
	"MEMBER_ID" VARCHAR2(20) NOT NULL ENABLE
   ) SEGMENT CREATION IMMEDIATE 
  PCTFREE 10 PCTUSED 40 INITRANS 1 MAXTRANS 255 NOCOMPRESS LOGGING
  STORAGE(INITIAL 65536 NEXT 1048576 MINEXTENTS 1 MAXEXTENTS 2147483645
  PCTINCREASE 0 FREELISTS 1 FREELIST GROUPS 1 BUFFER_POOL DEFAULT FLASH_CACHE DEFAULT CELL_FLASH_CACHE DEFAULT)
  TABLESPACE "SYSTEM" 

   COMMENT ON COLUMN "SOYO"."TB_LIKE"."REVIEW_NO" IS '리뷰 번호'
   COMMENT ON COLUMN "SOYO"."TB_LIKE"."MEMBER_ID" IS '회원 아이디'
   COMMENT ON TABLE "SOYO"."TB_LIKE"  IS '리뷰 좋아요 테이블'
--------------------------------------------------------
--  DDL for Table WISH_LIST
--------------------------------------------------------

  CREATE TABLE "SOYO"."WISH_LIST" 
   (	"MEMBER_ID" VARCHAR2(20) NOT NULL ENABLE, 
	"PRODUCT_NO" NUMBER
   ) SEGMENT CREATION IMMEDIATE 
  PCTFREE 10 PCTUSED 40 INITRANS 1 MAXTRANS 255 NOCOMPRESS LOGGING
  STORAGE(INITIAL 65536 NEXT 1048576 MINEXTENTS 1 MAXEXTENTS 2147483645
  PCTINCREASE 0 FREELISTS 1 FREELIST GROUPS 1 BUFFER_POOL DEFAULT FLASH_CACHE DEFAULT CELL_FLASH_CACHE DEFAULT)
  TABLESPACE "SYSTEM" 

   COMMENT ON COLUMN "SOYO"."WISH_LIST"."MEMBER_ID" IS '회원 아이디'
   COMMENT ON COLUMN "SOYO"."WISH_LIST"."PRODUCT_NO" IS '상품 번호'
   COMMENT ON TABLE "SOYO"."WISH_LIST"  IS '찜 목록 테이블'
REM INSERTING into SOYO.CART
SET DEFINE OFF;
REM INSERTING into SOYO.DELIVERY_ADDRESS
SET DEFINE OFF;
Insert into SOYO.DELIVERY_ADDRESS (ADDRESS_NO,ADDRESS_NAME,ADDRESS_OTHER,IS_DEFAULT,RECEIVER_NAME,RECEIVER_PHONE,MEMBER_ID,ORDER_IMPNO) values (25,'집','서울 구로구 개봉로1가길 4 sdf','N','user1','01012345678','user01','imp_414059863069');
Insert into SOYO.DELIVERY_ADDRESS (ADDRESS_NO,ADDRESS_NAME,ADDRESS_OTHER,IS_DEFAULT,RECEIVER_NAME,RECEIVER_PHONE,MEMBER_ID,ORDER_IMPNO) values (26,'asdf','서울시 강남구 역삼동 456 ㄴㅇㄹ','N','김철수','01012345678','user01','imp_573095039030');
REM INSERTING into SOYO.MEMBER
SET DEFINE OFF;
Insert into SOYO.MEMBER (MEMBER_ID,MEMBER_PWD,MEMBER_NAME,GENDER,BIRTH_DATE,EMAIL,PHONE,ADDRESS,ENROLL_DATE,STATUS) values ('user01','$2a$10$B0o9SVvAmIwDFFaKfYwnQOQcugM9mUK82CKwiWRZLDknbKtS0f0Fi','김철수','M',to_date('90/01/02','RR/MM/DD'),'user01@examples.com','01012345678','서울시 강남구 역삼동 456 + 집',to_date('23/01/01','RR/MM/DD'),'Y');
Insert into SOYO.MEMBER (MEMBER_ID,MEMBER_PWD,MEMBER_NAME,GENDER,BIRTH_DATE,EMAIL,PHONE,ADDRESS,ENROLL_DATE,STATUS) values ('user02','$2a$10$ontqH7AixthnbiQFQas1OeJT6hPFZySkpmPYJ.BjMFfDlFD2yBBri','이영희','F',to_date('88/05/15','RR/MM/DD'),'user02@example.com','01023456789','부산시 해운대구 우동 456',to_date('23/02/01','RR/MM/DD'),'Y');
Insert into SOYO.MEMBER (MEMBER_ID,MEMBER_PWD,MEMBER_NAME,GENDER,BIRTH_DATE,EMAIL,PHONE,ADDRESS,ENROLL_DATE,STATUS) values ('user03','$2a$10$Lby0zDw5kajeRl30D9RuE.sB.Ntt54lHjZlEmS9N6jd0Vb2RP6J9K','박지민','M',to_date('95/03/22','RR/MM/DD'),'user03@example.com','01034567890','대구시 수성구 범어동 789',to_date('23/03/01','RR/MM/DD'),'Y');
Insert into SOYO.MEMBER (MEMBER_ID,MEMBER_PWD,MEMBER_NAME,GENDER,BIRTH_DATE,EMAIL,PHONE,ADDRESS,ENROLL_DATE,STATUS) values ('user04','pwd456','최유리','F',to_date('92/07/10','RR/MM/DD'),'user04@example.com','01045678901','인천시 연수구 송도동 321',to_date('23/04/01','RR/MM/DD'),'Y');
Insert into SOYO.MEMBER (MEMBER_ID,MEMBER_PWD,MEMBER_NAME,GENDER,BIRTH_DATE,EMAIL,PHONE,ADDRESS,ENROLL_DATE,STATUS) values ('user05','pwd567','정우성','M',to_date('87/12/25','RR/MM/DD'),'user05@example.com','01056789012','광주시 북구 용봉동 654',to_date('23/05/01','RR/MM/DD'),'Y');
Insert into SOYO.MEMBER (MEMBER_ID,MEMBER_PWD,MEMBER_NAME,GENDER,BIRTH_DATE,EMAIL,PHONE,ADDRESS,ENROLL_DATE,STATUS) values ('user06','pwd678','한지민','F',to_date('93/11/11','RR/MM/DD'),'user06@example.com','01067890123','대전시 서구 둔산동 987',to_date('23/06/01','RR/MM/DD'),'Y');
Insert into SOYO.MEMBER (MEMBER_ID,MEMBER_PWD,MEMBER_NAME,GENDER,BIRTH_DATE,EMAIL,PHONE,ADDRESS,ENROLL_DATE,STATUS) values ('user07','pwd789','송강','M',to_date('96/08/08','RR/MM/DD'),'user07@example.com','01078901234','울산시 남구 삼산동 147',to_date('23/07/01','RR/MM/DD'),'Y');
Insert into SOYO.MEMBER (MEMBER_ID,MEMBER_PWD,MEMBER_NAME,GENDER,BIRTH_DATE,EMAIL,PHONE,ADDRESS,ENROLL_DATE,STATUS) values ('user08','pwd890','신세경','F',to_date('91/09/09','RR/MM/DD'),'user08@example.com','01089012345','제주시 애월읍 고내리 258',to_date('23/08/01','RR/MM/DD'),'Y');
Insert into SOYO.MEMBER (MEMBER_ID,MEMBER_PWD,MEMBER_NAME,GENDER,BIRTH_DATE,EMAIL,PHONE,ADDRESS,ENROLL_DATE,STATUS) values ('user09','pwd901','강다니엘','M',to_date('97/12/12','RR/MM/DD'),'user09@example.com','01090123456','세종시 도움4로 100',to_date('23/09/01','RR/MM/DD'),'Y');
Insert into SOYO.MEMBER (MEMBER_ID,MEMBER_PWD,MEMBER_NAME,GENDER,BIRTH_DATE,EMAIL,PHONE,ADDRESS,ENROLL_DATE,STATUS) values ('user10','pwd012','김명아','M',to_date('94/10/10','RR/MM/DD'),'user11100@example.com','01001248213','춘천시 석사동 123',to_date('23/10/01','RR/MM/DD'),'Y');
Insert into SOYO.MEMBER (MEMBER_ID,MEMBER_PWD,MEMBER_NAME,GENDER,BIRTH_DATE,EMAIL,PHONE,ADDRESS,ENROLL_DATE,STATUS) values ('user11','pw1111','임지민','M',to_date('90/02/02','RR/MM/DD'),'user11@site.com','01011112222','서울시 은평구',to_date('23/01/11','RR/MM/DD'),'Y');
Insert into SOYO.MEMBER (MEMBER_ID,MEMBER_PWD,MEMBER_NAME,GENDER,BIRTH_DATE,EMAIL,PHONE,ADDRESS,ENROLL_DATE,STATUS) values ('user12','pw2222','홍윤아','F',to_date('91/04/03','RR/MM/DD'),'user12@site.com','01022223333','부산시 남구',to_date('23/01/12','RR/MM/DD'),'Y');
Insert into SOYO.MEMBER (MEMBER_ID,MEMBER_PWD,MEMBER_NAME,GENDER,BIRTH_DATE,EMAIL,PHONE,ADDRESS,ENROLL_DATE,STATUS) values ('user13','pw3333','김민수','M',to_date('89/06/04','RR/MM/DD'),'user13@site.com','01033334444','광주시 서구',to_date('23/01/13','RR/MM/DD'),'Y');
Insert into SOYO.MEMBER (MEMBER_ID,MEMBER_PWD,MEMBER_NAME,GENDER,BIRTH_DATE,EMAIL,PHONE,ADDRESS,ENROLL_DATE,STATUS) values ('user14','pw4444','이서진','M',to_date('92/08/05','RR/MM/DD'),'user14@site.com','01044445555','인천시 계양구',to_date('23/01/14','RR/MM/DD'),'Y');
Insert into SOYO.MEMBER (MEMBER_ID,MEMBER_PWD,MEMBER_NAME,GENDER,BIRTH_DATE,EMAIL,PHONE,ADDRESS,ENROLL_DATE,STATUS) values ('user15','pw5555','박보검','M',to_date('93/10/06','RR/MM/DD'),'user15@site.com','01055556666','수원시 팔달구',to_date('23/01/15','RR/MM/DD'),'N');
Insert into SOYO.MEMBER (MEMBER_ID,MEMBER_PWD,MEMBER_NAME,GENDER,BIRTH_DATE,EMAIL,PHONE,ADDRESS,ENROLL_DATE,STATUS) values ('user16','pw6666','전지현','F',to_date('85/12/07','RR/MM/DD'),'user16@site.com','01066667777','안양시 동안구',to_date('23/01/16','RR/MM/DD'),'N');
Insert into SOYO.MEMBER (MEMBER_ID,MEMBER_PWD,MEMBER_NAME,GENDER,BIRTH_DATE,EMAIL,PHONE,ADDRESS,ENROLL_DATE,STATUS) values ('user17','pw7777','유아인','M',to_date('86/03/08','RR/MM/DD'),'user17@site.com','01077778888','성남시 수정구',to_date('23/01/17','RR/MM/DD'),'N');
Insert into SOYO.MEMBER (MEMBER_ID,MEMBER_PWD,MEMBER_NAME,GENDER,BIRTH_DATE,EMAIL,PHONE,ADDRESS,ENROLL_DATE,STATUS) values ('user18','pw8888','김태희','F',to_date('80/05/09','RR/MM/DD'),'user18@site.com','01088889999','용인시 기흥구',to_date('23/01/18','RR/MM/DD'),'Y');
Insert into SOYO.MEMBER (MEMBER_ID,MEMBER_PWD,MEMBER_NAME,GENDER,BIRTH_DATE,EMAIL,PHONE,ADDRESS,ENROLL_DATE,STATUS) values ('user19','pw9999','소지섭','M',to_date('79/07/10','RR/MM/DD'),'user19@site.com','01099990000','천안시 서북구',to_date('23/01/19','RR/MM/DD'),'Y');
Insert into SOYO.MEMBER (MEMBER_ID,MEMBER_PWD,MEMBER_NAME,GENDER,BIRTH_DATE,EMAIL,PHONE,ADDRESS,ENROLL_DATE,STATUS) values ('user20','pw0000','이지은','F',to_date('93/09/11','RR/MM/DD'),'user20@site.com','01000001111','청주시 흥덕구',to_date('23/01/20','RR/MM/DD'),'Y');
Insert into SOYO.MEMBER (MEMBER_ID,MEMBER_PWD,MEMBER_NAME,GENDER,BIRTH_DATE,EMAIL,PHONE,ADDRESS,ENROLL_DATE,STATUS) values ('user21','pwaaaa','하정우','M',to_date('78/06/12','RR/MM/DD'),'user21@site.com','01022224444','전주시 완산구',to_date('23/01/21','RR/MM/DD'),'Y');
Insert into SOYO.MEMBER (MEMBER_ID,MEMBER_PWD,MEMBER_NAME,GENDER,BIRTH_DATE,EMAIL,PHONE,ADDRESS,ENROLL_DATE,STATUS) values ('user22','pwbbbb','문채원','F',to_date('86/08/13','RR/MM/DD'),'user22@site.com','01033335555','원주시 단구동',to_date('23/01/22','RR/MM/DD'),'Y');
Insert into SOYO.MEMBER (MEMBER_ID,MEMBER_PWD,MEMBER_NAME,GENDER,BIRTH_DATE,EMAIL,PHONE,ADDRESS,ENROLL_DATE,STATUS) values ('user23','pwcccc','정해인','M',to_date('88/10/14','RR/MM/DD'),'user23@site.com','01044446666','경주시 황성동',to_date('23/01/23','RR/MM/DD'),'Y');
Insert into SOYO.MEMBER (MEMBER_ID,MEMBER_PWD,MEMBER_NAME,GENDER,BIRTH_DATE,EMAIL,PHONE,ADDRESS,ENROLL_DATE,STATUS) values ('user24','pwdddd','이하늬','F',to_date('83/12/15','RR/MM/DD'),'user24@site.com','01055557777','포항시 남구',to_date('23/01/24','RR/MM/DD'),'Y');
Insert into SOYO.MEMBER (MEMBER_ID,MEMBER_PWD,MEMBER_NAME,GENDER,BIRTH_DATE,EMAIL,PHONE,ADDRESS,ENROLL_DATE,STATUS) values ('user25','pweeee','이민호','M',to_date('87/02/16','RR/MM/DD'),'user25@site.com','01066668888','김해시 삼계동',to_date('23/01/25','RR/MM/DD'),'Y');
Insert into SOYO.MEMBER (MEMBER_ID,MEMBER_PWD,MEMBER_NAME,GENDER,BIRTH_DATE,EMAIL,PHONE,ADDRESS,ENROLL_DATE,STATUS) values ('user26','pwffff','이보영','F',to_date('79/04/17','RR/MM/DD'),'user26@site.com','01077779999','아산시 배방읍',to_date('23/01/26','RR/MM/DD'),'Y');
Insert into SOYO.MEMBER (MEMBER_ID,MEMBER_PWD,MEMBER_NAME,GENDER,BIRTH_DATE,EMAIL,PHONE,ADDRESS,ENROLL_DATE,STATUS) values ('user27','pwg123','장기용','M',to_date('91/06/18','RR/MM/DD'),'user27@site.com','01088880000','순천시 연향동',to_date('23/01/27','RR/MM/DD'),'Y');
Insert into SOYO.MEMBER (MEMBER_ID,MEMBER_PWD,MEMBER_NAME,GENDER,BIRTH_DATE,EMAIL,PHONE,ADDRESS,ENROLL_DATE,STATUS) values ('user28','pwh456','김소현','F',to_date('99/08/19','RR/MM/DD'),'user28@site.com','01099991111','여수시 학동',to_date('23/01/28','RR/MM/DD'),'Y');
Insert into SOYO.MEMBER (MEMBER_ID,MEMBER_PWD,MEMBER_NAME,GENDER,BIRTH_DATE,EMAIL,PHONE,ADDRESS,ENROLL_DATE,STATUS) values ('user29','pwi789','도경수','M',to_date('93/10/20','RR/MM/DD'),'user29@site.com','01000002222','목포시 상동',to_date('23/01/29','RR/MM/DD'),'Y');
Insert into SOYO.MEMBER (MEMBER_ID,MEMBER_PWD,MEMBER_NAME,GENDER,BIRTH_DATE,EMAIL,PHONE,ADDRESS,ENROLL_DATE,STATUS) values ('user30','pwj000','강소라','F',to_date('90/12/21','RR/MM/DD'),'user30@site.com','01011113333','창원시 성산구',to_date('23/01/30','RR/MM/DD'),'Y');
Insert into SOYO.MEMBER (MEMBER_ID,MEMBER_PWD,MEMBER_NAME,GENDER,BIRTH_DATE,EMAIL,PHONE,ADDRESS,ENROLL_DATE,STATUS) values ('admin','$2a$10$ghBPvMwsBUxC.miS0ooO3.WHkFZcLUrCzfNXFvUF4QJX/jkh8SKH2','관리자','M',to_date('88/08/08','RR/MM/DD'),'admin@kh.or.kr','01088889999','서울특별시 강남구 테헤란로 123',to_date('25/06/16','RR/MM/DD'),'Y');
Insert into SOYO.MEMBER (MEMBER_ID,MEMBER_PWD,MEMBER_NAME,GENDER,BIRTH_DATE,EMAIL,PHONE,ADDRESS,ENROLL_DATE,STATUS) values ('user31','pwaaaa','김해진','M',to_date('94/03/12','RR/MM/DD'),'user31@site.com','01011113344','서울시 강동구',to_date('23/01/20','RR/MM/DD'),'Y');
Insert into SOYO.MEMBER (MEMBER_ID,MEMBER_PWD,MEMBER_NAME,GENDER,BIRTH_DATE,EMAIL,PHONE,ADDRESS,ENROLL_DATE,STATUS) values ('user32','pwbbbb','박민지','F',to_date('95/05/24','RR/MM/DD'),'user32@site.com','01022224455','대구시 북구',to_date('23/03/15','RR/MM/DD'),'Y');
Insert into SOYO.MEMBER (MEMBER_ID,MEMBER_PWD,MEMBER_NAME,GENDER,BIRTH_DATE,EMAIL,PHONE,ADDRESS,ENROLL_DATE,STATUS) values ('user33','pwcccc','이건우','M',to_date('92/09/18','RR/MM/DD'),'user33@site.com','01033335566','부산시 해운대구',to_date('23/03/28','RR/MM/DD'),'Y');
Insert into SOYO.MEMBER (MEMBER_ID,MEMBER_PWD,MEMBER_NAME,GENDER,BIRTH_DATE,EMAIL,PHONE,ADDRESS,ENROLL_DATE,STATUS) values ('user011','$2a$10$xJHUHUVpTPah5vCgJI/idu8bEEBD94EwMWqNzuWgKoMGE5zvWOa/S','김철수','M',to_date('25/06/03','RR/MM/DD'),'qkrgustn518@naver.com','01012345678','경기 고양시 덕양구 충경로 1-2+이거는 추가될 상세주소',to_date('25/06/12','RR/MM/DD'),'Y');
Insert into SOYO.MEMBER (MEMBER_ID,MEMBER_PWD,MEMBER_NAME,GENDER,BIRTH_DATE,EMAIL,PHONE,ADDRESS,ENROLL_DATE,STATUS) values ('user34','pwdddd','최서윤','F',to_date('96/02/05','RR/MM/DD'),'user34@site.com','01044446677','광주시 북구',to_date('23/04/10','RR/MM/DD'),'Y');
Insert into SOYO.MEMBER (MEMBER_ID,MEMBER_PWD,MEMBER_NAME,GENDER,BIRTH_DATE,EMAIL,PHONE,ADDRESS,ENROLL_DATE,STATUS) values ('user35','pweeee','정우석','M',to_date('91/08/14','RR/MM/DD'),'user35@site.com','01055557788','인천시 부평구',to_date('23/05/12','RR/MM/DD'),'Y');
Insert into SOYO.MEMBER (MEMBER_ID,MEMBER_PWD,MEMBER_NAME,GENDER,BIRTH_DATE,EMAIL,PHONE,ADDRESS,ENROLL_DATE,STATUS) values ('user36','pwffff','오지현','F',to_date('93/12/01','RR/MM/DD'),'user36@site.com','01066668899','전주시 덕진구',to_date('23/06/22','RR/MM/DD'),'Y');
Insert into SOYO.MEMBER (MEMBER_ID,MEMBER_PWD,MEMBER_NAME,GENDER,BIRTH_DATE,EMAIL,PHONE,ADDRESS,ENROLL_DATE,STATUS) values ('user37','pwg000','장민호','M',to_date('90/04/30','RR/MM/DD'),'user37@site.com','01077779900','원주시 태장동',to_date('23/07/05','RR/MM/DD'),'Y');
Insert into SOYO.MEMBER (MEMBER_ID,MEMBER_PWD,MEMBER_NAME,GENDER,BIRTH_DATE,EMAIL,PHONE,ADDRESS,ENROLL_DATE,STATUS) values ('user38','pwh111','신예림','F',to_date('98/06/11','RR/MM/DD'),'user38@site.com','01088880011','포항시 북구',to_date('23/07/19','RR/MM/DD'),'Y');
Insert into SOYO.MEMBER (MEMBER_ID,MEMBER_PWD,MEMBER_NAME,GENDER,BIRTH_DATE,EMAIL,PHONE,ADDRESS,ENROLL_DATE,STATUS) values ('user39','pwi222','배승우','M',to_date('95/11/25','RR/MM/DD'),'user39@site.com','01099991122','창원시 의창구',to_date('23/08/09','RR/MM/DD'),'Y');
Insert into SOYO.MEMBER (MEMBER_ID,MEMBER_PWD,MEMBER_NAME,GENDER,BIRTH_DATE,EMAIL,PHONE,ADDRESS,ENROLL_DATE,STATUS) values ('user40','pwj333','홍채은','F',to_date('99/01/17','RR/MM/DD'),'user40@site.com','01000002233','용인시 수지구',to_date('23/09/14','RR/MM/DD'),'Y');
Insert into SOYO.MEMBER (MEMBER_ID,MEMBER_PWD,MEMBER_NAME,GENDER,BIRTH_DATE,EMAIL,PHONE,ADDRESS,ENROLL_DATE,STATUS) values ('user41','pwk444','서재원','M',to_date('89/07/22','RR/MM/DD'),'user41@site.com','01011113355','청주시 상당구',to_date('23/10/07','RR/MM/DD'),'Y');
Insert into SOYO.MEMBER (MEMBER_ID,MEMBER_PWD,MEMBER_NAME,GENDER,BIRTH_DATE,EMAIL,PHONE,ADDRESS,ENROLL_DATE,STATUS) values ('user42','pwl555','이주희','F',to_date('96/10/02','RR/MM/DD'),'user42@site.com','01022224466','고양시 일산동구',to_date('23/10/21','RR/MM/DD'),'Y');
Insert into SOYO.MEMBER (MEMBER_ID,MEMBER_PWD,MEMBER_NAME,GENDER,BIRTH_DATE,EMAIL,PHONE,ADDRESS,ENROLL_DATE,STATUS) values ('user43','pwm666','남도현','M',to_date('92/03/13','RR/MM/DD'),'user43@site.com','01033335577','수원시 영통구',to_date('23/11/03','RR/MM/DD'),'Y');
Insert into SOYO.MEMBER (MEMBER_ID,MEMBER_PWD,MEMBER_NAME,GENDER,BIRTH_DATE,EMAIL,PHONE,ADDRESS,ENROLL_DATE,STATUS) values ('user44','pwn777','유다연','F',to_date('88/05/30','RR/MM/DD'),'user44@site.com','01044446688','안산시 단원구',to_date('23/11/28','RR/MM/DD'),'Y');
Insert into SOYO.MEMBER (MEMBER_ID,MEMBER_PWD,MEMBER_NAME,GENDER,BIRTH_DATE,EMAIL,PHONE,ADDRESS,ENROLL_DATE,STATUS) values ('user45','pwo888','황건희','M',to_date('97/09/09','RR/MM/DD'),'user45@site.com','01055557799','세종시 반곡동',to_date('23/12/10','RR/MM/DD'),'Y');
Insert into SOYO.MEMBER (MEMBER_ID,MEMBER_PWD,MEMBER_NAME,GENDER,BIRTH_DATE,EMAIL,PHONE,ADDRESS,ENROLL_DATE,STATUS) values ('user46','pwp999','방시윤','F',to_date('93/03/03','RR/MM/DD'),'user46@site.com','01066668800','김포시 고촌읍',to_date('23/12/21','RR/MM/DD'),'Y');
Insert into SOYO.MEMBER (MEMBER_ID,MEMBER_PWD,MEMBER_NAME,GENDER,BIRTH_DATE,EMAIL,PHONE,ADDRESS,ENROLL_DATE,STATUS) values ('user47','pwq000','임현수','M',to_date('94/06/06','RR/MM/DD'),'user47@site.com','01077779911','평택시 동삭동',to_date('24/01/08','RR/MM/DD'),'Y');
Insert into SOYO.MEMBER (MEMBER_ID,MEMBER_PWD,MEMBER_NAME,GENDER,BIRTH_DATE,EMAIL,PHONE,ADDRESS,ENROLL_DATE,STATUS) values ('user48','pwr111','정수지','F',to_date('92/02/27','RR/MM/DD'),'user48@site.com','01088880022','의정부시 민락동',to_date('24/01/29','RR/MM/DD'),'Y');
Insert into SOYO.MEMBER (MEMBER_ID,MEMBER_PWD,MEMBER_NAME,GENDER,BIRTH_DATE,EMAIL,PHONE,ADDRESS,ENROLL_DATE,STATUS) values ('user49','pws222','김재민','M',to_date('91/11/11','RR/MM/DD'),'user49@site.com','01099991133','하남시 덕풍동',to_date('24/03/05','RR/MM/DD'),'Y');
Insert into SOYO.MEMBER (MEMBER_ID,MEMBER_PWD,MEMBER_NAME,GENDER,BIRTH_DATE,EMAIL,PHONE,ADDRESS,ENROLL_DATE,STATUS) values ('user50','pwt333','조다인','F',to_date('99/08/07','RR/MM/DD'),'user50@site.com','01000002244','군포시 금정동',to_date('24/03/22','RR/MM/DD'),'Y');
Insert into SOYO.MEMBER (MEMBER_ID,MEMBER_PWD,MEMBER_NAME,GENDER,BIRTH_DATE,EMAIL,PHONE,ADDRESS,ENROLL_DATE,STATUS) values ('user51','pwu444','정태우','M',to_date('90/05/23','RR/MM/DD'),'user51@site.com','01011114455','성남시 중원구',to_date('24/04/03','RR/MM/DD'),'Y');
Insert into SOYO.MEMBER (MEMBER_ID,MEMBER_PWD,MEMBER_NAME,GENDER,BIRTH_DATE,EMAIL,PHONE,ADDRESS,ENROLL_DATE,STATUS) values ('user52','pwv555','박서연','F',to_date('97/10/01','RR/MM/DD'),'user52@site.com','01022225566','천안시 동남구',to_date('24/04/19','RR/MM/DD'),'Y');
Insert into SOYO.MEMBER (MEMBER_ID,MEMBER_PWD,MEMBER_NAME,GENDER,BIRTH_DATE,EMAIL,PHONE,ADDRESS,ENROLL_DATE,STATUS) values ('user53','pww666','강수현','M',to_date('96/07/04','RR/MM/DD'),'user53@site.com','01033336677','이천시 중리동',to_date('24/05/22','RR/MM/DD'),'Y');
Insert into SOYO.MEMBER (MEMBER_ID,MEMBER_PWD,MEMBER_NAME,GENDER,BIRTH_DATE,EMAIL,PHONE,ADDRESS,ENROLL_DATE,STATUS) values ('user54','pwx777','윤나리','F',to_date('93/03/29','RR/MM/DD'),'user54@site.com','01044447788','광명시 하안동',to_date('24/06/10','RR/MM/DD'),'Y');
Insert into SOYO.MEMBER (MEMBER_ID,MEMBER_PWD,MEMBER_NAME,GENDER,BIRTH_DATE,EMAIL,PHONE,ADDRESS,ENROLL_DATE,STATUS) values ('user55','pwy888','홍민준','M',to_date('89/06/26','RR/MM/DD'),'user55@site.com','01055558899','제주시 노형동',to_date('24/06/28','RR/MM/DD'),'Y');
Insert into SOYO.MEMBER (MEMBER_ID,MEMBER_PWD,MEMBER_NAME,GENDER,BIRTH_DATE,EMAIL,PHONE,ADDRESS,ENROLL_DATE,STATUS) values ('user56','pwz999','김다솜','F',to_date('94/12/13','RR/MM/DD'),'user56@site.com','01066669900','서귀포시 중문동',to_date('24/07/01','RR/MM/DD'),'Y');
Insert into SOYO.MEMBER (MEMBER_ID,MEMBER_PWD,MEMBER_NAME,GENDER,BIRTH_DATE,EMAIL,PHONE,ADDRESS,ENROLL_DATE,STATUS) values ('user57','pwaa00','이현우','M',to_date('95/11/04','RR/MM/DD'),'user57@site.com','01077770011','춘천시 석사동',to_date('24/07/19','RR/MM/DD'),'Y');
Insert into SOYO.MEMBER (MEMBER_ID,MEMBER_PWD,MEMBER_NAME,GENDER,BIRTH_DATE,EMAIL,PHONE,ADDRESS,ENROLL_DATE,STATUS) values ('user58','pwbb11','전유진','F',to_date('92/02/11','RR/MM/DD'),'user58@site.com','01088881122','경산시 정평동',to_date('24/08/05','RR/MM/DD'),'Y');
Insert into SOYO.MEMBER (MEMBER_ID,MEMBER_PWD,MEMBER_NAME,GENDER,BIRTH_DATE,EMAIL,PHONE,ADDRESS,ENROLL_DATE,STATUS) values ('user59','pwcc22','노하늘','M',to_date('97/01/08','RR/MM/DD'),'user59@site.com','01099992233','울산시 중구',to_date('24/08/17','RR/MM/DD'),'Y');
Insert into SOYO.MEMBER (MEMBER_ID,MEMBER_PWD,MEMBER_NAME,GENDER,BIRTH_DATE,EMAIL,PHONE,ADDRESS,ENROLL_DATE,STATUS) values ('user60','pwdd33','차지은','F',to_date('88/04/15','RR/MM/DD'),'user60@site.com','01000003344','안양시 만안구',to_date('24/09/03','RR/MM/DD'),'Y');
Insert into SOYO.MEMBER (MEMBER_ID,MEMBER_PWD,MEMBER_NAME,GENDER,BIRTH_DATE,EMAIL,PHONE,ADDRESS,ENROLL_DATE,STATUS) values ('user61','pwee44','오세훈','M',to_date('96/08/20','RR/MM/DD'),'user61@site.com','01011114466','천안시 성환읍',to_date('24/09/18','RR/MM/DD'),'Y');
Insert into SOYO.MEMBER (MEMBER_ID,MEMBER_PWD,MEMBER_NAME,GENDER,BIRTH_DATE,EMAIL,PHONE,ADDRESS,ENROLL_DATE,STATUS) values ('user62','pwff55','조민아','F',to_date('94/05/10','RR/MM/DD'),'user62@site.com','01022225577','서울시 중랑구',to_date('24/10/05','RR/MM/DD'),'Y');
Insert into SOYO.MEMBER (MEMBER_ID,MEMBER_PWD,MEMBER_NAME,GENDER,BIRTH_DATE,EMAIL,PHONE,ADDRESS,ENROLL_DATE,STATUS) values ('user63','pwgf66','이승재','M',to_date('87/09/28','RR/MM/DD'),'user63@site.com','01033336688','대전시 유성구',to_date('24/10/21','RR/MM/DD'),'Y');
Insert into SOYO.MEMBER (MEMBER_ID,MEMBER_PWD,MEMBER_NAME,GENDER,BIRTH_DATE,EMAIL,PHONE,ADDRESS,ENROLL_DATE,STATUS) values ('user64','pwhh77','한지호','F',to_date('99/11/12','RR/MM/DD'),'user64@site.com','01044447799','성남시 분당구',to_date('24/11/03','RR/MM/DD'),'Y');
Insert into SOYO.MEMBER (MEMBER_ID,MEMBER_PWD,MEMBER_NAME,GENDER,BIRTH_DATE,EMAIL,PHONE,ADDRESS,ENROLL_DATE,STATUS) values ('user65','pwij88','윤주성','M',to_date('92/01/25','RR/MM/DD'),'user65@site.com','01055558800','서울시 마포구',to_date('24/11/18','RR/MM/DD'),'Y');
Insert into SOYO.MEMBER (MEMBER_ID,MEMBER_PWD,MEMBER_NAME,GENDER,BIRTH_DATE,EMAIL,PHONE,ADDRESS,ENROLL_DATE,STATUS) values ('user66','pwkk99','백하린','F',to_date('93/10/06','RR/MM/DD'),'user66@site.com','01066669911','광주시 남구',to_date('24/12/01','RR/MM/DD'),'Y');
Insert into SOYO.MEMBER (MEMBER_ID,MEMBER_PWD,MEMBER_NAME,GENDER,BIRTH_DATE,EMAIL,PHONE,ADDRESS,ENROLL_DATE,STATUS) values ('user67','pwll00','민지후','M',to_date('91/07/19','RR/MM/DD'),'user67@site.com','01077770022','서울시 동작구',to_date('24/12/23','RR/MM/DD'),'Y');
Insert into SOYO.MEMBER (MEMBER_ID,MEMBER_PWD,MEMBER_NAME,GENDER,BIRTH_DATE,EMAIL,PHONE,ADDRESS,ENROLL_DATE,STATUS) values ('user68','pwmn11','장예슬','F',to_date('89/12/30','RR/MM/DD'),'user68@site.com','01088881133','구미시 도량동',to_date('25/01/08','RR/MM/DD'),'Y');
Insert into SOYO.MEMBER (MEMBER_ID,MEMBER_PWD,MEMBER_NAME,GENDER,BIRTH_DATE,EMAIL,PHONE,ADDRESS,ENROLL_DATE,STATUS) values ('user69','pwnp22','고은우','M',to_date('98/09/07','RR/MM/DD'),'user69@site.com','01099992244','서울시 은평구',to_date('25/01/22','RR/MM/DD'),'Y');
Insert into SOYO.MEMBER (MEMBER_ID,MEMBER_PWD,MEMBER_NAME,GENDER,BIRTH_DATE,EMAIL,PHONE,ADDRESS,ENROLL_DATE,STATUS) values ('user70','pwoq33','유민아','F',to_date('97/03/01','RR/MM/DD'),'user70@site.com','01000003355','제주시 구좌읍',to_date('25/03/04','RR/MM/DD'),'Y');
Insert into SOYO.MEMBER (MEMBER_ID,MEMBER_PWD,MEMBER_NAME,GENDER,BIRTH_DATE,EMAIL,PHONE,ADDRESS,ENROLL_DATE,STATUS) values ('user71','pwrq44','신태영','M',to_date('94/01/18','RR/MM/DD'),'user71@site.com','01011114477','경주시 용강동',to_date('25/04/02','RR/MM/DD'),'Y');
Insert into SOYO.MEMBER (MEMBER_ID,MEMBER_PWD,MEMBER_NAME,GENDER,BIRTH_DATE,EMAIL,PHONE,ADDRESS,ENROLL_DATE,STATUS) values ('user72','pwsr55','남보라','F',to_date('93/06/30','RR/MM/DD'),'user72@site.com','01022225588','목포시 하당동',to_date('25/04/17','RR/MM/DD'),'Y');
Insert into SOYO.MEMBER (MEMBER_ID,MEMBER_PWD,MEMBER_NAME,GENDER,BIRTH_DATE,EMAIL,PHONE,ADDRESS,ENROLL_DATE,STATUS) values ('user73','pwst66','윤동하','M',to_date('96/10/03','RR/MM/DD'),'user73@site.com','01033336699','서울시 관악구',to_date('25/05/01','RR/MM/DD'),'Y');
Insert into SOYO.MEMBER (MEMBER_ID,MEMBER_PWD,MEMBER_NAME,GENDER,BIRTH_DATE,EMAIL,PHONE,ADDRESS,ENROLL_DATE,STATUS) values ('user74','pwsu77','심예원','F',to_date('90/08/22','RR/MM/DD'),'user74@site.com','01044447700','수원시 권선구',to_date('25/05/19','RR/MM/DD'),'Y');
Insert into SOYO.MEMBER (MEMBER_ID,MEMBER_PWD,MEMBER_NAME,GENDER,BIRTH_DATE,EMAIL,PHONE,ADDRESS,ENROLL_DATE,STATUS) values ('user75','pwsz88','하현우','M',to_date('88/12/15','RR/MM/DD'),'user75@site.com','01055558811','김천시 율곡동',to_date('25/06/04','RR/MM/DD'),'Y');
Insert into SOYO.MEMBER (MEMBER_ID,MEMBER_PWD,MEMBER_NAME,GENDER,BIRTH_DATE,EMAIL,PHONE,ADDRESS,ENROLL_DATE,STATUS) values ('user76','pwsz99','안혜민','F',to_date('95/04/14','RR/MM/DD'),'user76@site.com','01066669922','남양주시 별내동',to_date('25/06/07','RR/MM/DD'),'Y');
Insert into SOYO.MEMBER (MEMBER_ID,MEMBER_PWD,MEMBER_NAME,GENDER,BIRTH_DATE,EMAIL,PHONE,ADDRESS,ENROLL_DATE,STATUS) values ('user100','$2a$10$8cqQWeFnVJE30/jd3hR1auY27SOHikwzat5g3FBLaQ0hu36zrJ4Ju','수지','F',to_date('02/06/13','RR/MM/DD'),'y2rbtjr@nate.com','01090123456','서울 영등포구 국회대로53길 20 국회의사당',to_date('25/06/17','RR/MM/DD'),'Y');
Insert into SOYO.MEMBER (MEMBER_ID,MEMBER_PWD,MEMBER_NAME,GENDER,BIRTH_DATE,EMAIL,PHONE,ADDRESS,ENROLL_DATE,STATUS) values ('gustn10','$2a$10$vwxraJkWUjnULcPRUhVXuuroRImZB.IXPGe3J9Ax0cOmXkYyxCNpq','박현수','M',to_date('01/10/30','RR/MM/DD'),'qkrgustn518@naver.com','01012345678','경기 성남시 분당구 경부고속도로 409+   5단지아파트입니다람쥐',to_date('25/06/19','RR/MM/DD'),'Y');
REM INSERTING into SOYO.NOTICE
SET DEFINE OFF;
Insert into SOYO.NOTICE (NOTICE_NO,NOTICE_TITLE,NOTICE_CONTENT,NOTICE_DATE,NOTICE_IMAGE,NOTICE_TYPE,STATUS) values (18,'회원가입 이벤트 중입니다.','회원가입 시 쿠폰 증정 이벤트 중입니다. 많관부~~',to_date('25/06/23','RR/MM/DD'),'EVENT.png','이벤트','Y');
Insert into SOYO.NOTICE (NOTICE_NO,NOTICE_TITLE,NOTICE_CONTENT,NOTICE_DATE,NOTICE_IMAGE,NOTICE_TYPE,STATUS) values (19,'사이트 점검 안내 드립니다.','사이트 점검으로 인해 불편을 드려 죄송합니다.
문의사항은 1:1 채팅을 통해 부탁드리며 사이트 이용에 불편함이 없도록 노력하겠습니다.',to_date('25/06/23','RR/MM/DD'),'NOTI2.png','공지사항','Y');
Insert into SOYO.NOTICE (NOTICE_NO,NOTICE_TITLE,NOTICE_CONTENT,NOTICE_DATE,NOTICE_IMAGE,NOTICE_TYPE,STATUS) values (15,'오픈 기념 할인 행사 안내','오픈 기념 할인 행사를 진행합니다. 많은 관심 부탁드립니다.',to_date('25/06/23','RR/MM/DD'),'ChatGPT Image 2025년 6월 23일 오후 05_00_23.png','이벤트','Y');
Insert into SOYO.NOTICE (NOTICE_NO,NOTICE_TITLE,NOTICE_CONTENT,NOTICE_DATE,NOTICE_IMAGE,NOTICE_TYPE,STATUS) values (16,'배송 안내 드립니다.','배송 일정이 변경되었으니 일정에 참고 바랍니다.',to_date('25/06/23','RR/MM/DD'),'NOTI.png','공지사항','Y');
REM INSERTING into SOYO.ORDER_TB
SET DEFINE OFF;
Insert into SOYO.ORDER_TB (ORDER_NO,ORDER_IMPNO,TOTAL_PRICE,RECEIVER_NAME,RECEIVER_PHONE,REQUEST_MSG,DELIVERY_DATE,CANCEL_DATE,ORDER_DATE,ORDER_STATUS,MEMBER_ID) values (30,'imp_414059863069',200,'user1','01012345678','ㅇㅇㅇㅇ',null,null,to_date('25/06/23','RR/MM/DD'),'주문완료','user01');
Insert into SOYO.ORDER_TB (ORDER_NO,ORDER_IMPNO,TOTAL_PRICE,RECEIVER_NAME,RECEIVER_PHONE,REQUEST_MSG,DELIVERY_DATE,CANCEL_DATE,ORDER_DATE,ORDER_STATUS,MEMBER_ID) values (31,'imp_573095039030',100,'김철수','01012345678','ㅇㅇ',null,null,to_date('25/06/23','RR/MM/DD'),'주문완료','user01');
REM INSERTING into SOYO.PAYMENT
SET DEFINE OFF;
Insert into SOYO.PAYMENT (ORDER_IMPNO,PRODUCT_NO,PRODUCT_COUNT,CANCEL_STATUS,CANCEL_REASON) values ('imp_573095039030',14,1,'결제완료',null);
Insert into SOYO.PAYMENT (ORDER_IMPNO,PRODUCT_NO,PRODUCT_COUNT,CANCEL_STATUS,CANCEL_REASON) values ('imp_414059863069',26,1,'결제완료',null);
Insert into SOYO.PAYMENT (ORDER_IMPNO,PRODUCT_NO,PRODUCT_COUNT,CANCEL_STATUS,CANCEL_REASON) values ('imp_414059863069',27,1,'결제완료',null);
REM INSERTING into SOYO.PRODUCT
SET DEFINE OFF;
Insert into SOYO.PRODUCT (PRODUCT_NO,PRODUCT_NAME,PRODUCT_PRICE,PRODUCT_CATEGORY,PRODUCT_CAPTION,PRODUCT_ORIGIN,PRODUCT_CHANGE,PRODUCT_REGISTERED_DATE,STATUS,PRODUCT_SUB_ORIGIN,PRODUCT_SUB_CHANGE,PRODUCT_TAG) values (12,'나린 드레스',499000,'여성','‘나린’이라는 이름처럼,<br>한복 특유의 부드러운 곡선미를 현대적으로 재해석한 드레스입니다.','narin-a.jpg','2025061911310484259.jpg',to_date('25/06/19','RR/MM/DD'),'Y','narin-b.jpg','2025061911310460081.jpg','top');
Insert into SOYO.PRODUCT (PRODUCT_NO,PRODUCT_NAME,PRODUCT_PRICE,PRODUCT_CATEGORY,PRODUCT_CAPTION,PRODUCT_ORIGIN,PRODUCT_CHANGE,PRODUCT_REGISTERED_DATE,STATUS,PRODUCT_SUB_ORIGIN,PRODUCT_SUB_CHANGE,PRODUCT_TAG) values (13,'화접도 드레스',369000,'여성','여름의 투명한 연못처럼,<br>청아하고 몽환적인 분위기를 담은 화접도 레이어드 드레스입니다.','hwa-a.jpg','2025061912300649493.jpg',to_date('25/06/19','RR/MM/DD'),'Y','hwa-b.jpg','2025061912300620441.jpg','top');
Insert into SOYO.PRODUCT (PRODUCT_NO,PRODUCT_NAME,PRODUCT_PRICE,PRODUCT_CATEGORY,PRODUCT_CAPTION,PRODUCT_ORIGIN,PRODUCT_CHANGE,PRODUCT_REGISTERED_DATE,STATUS,PRODUCT_SUB_ORIGIN,PRODUCT_SUB_CHANGE,PRODUCT_TAG) values (14,'매화매듭 스트랩 벨트',100,'악세사리','전통 매화매듭을 재해석한 사랑스러운 스트랩 벨트입니다.','mmstr-a.jpg','2025061912342216491.jpg',to_date('25/06/19','RR/MM/DD'),'Y','mmstr-b.jpg','2025061912342219367.jpg','acc');
Insert into SOYO.PRODUCT (PRODUCT_NO,PRODUCT_NAME,PRODUCT_PRICE,PRODUCT_CATEGORY,PRODUCT_CAPTION,PRODUCT_ORIGIN,PRODUCT_CHANGE,PRODUCT_REGISTERED_DATE,STATUS,PRODUCT_SUB_ORIGIN,PRODUCT_SUB_CHANGE,PRODUCT_TAG) values (17,'담월 월백 드레스',987000,'여성','서예가 이정화 작가와 협업하여 탄생한 디자인으로,<br>서예의 깊이와 한복의 우아함을 담았습니다.','damwol-1.jpg','2025062310045345234.jpg',to_date('25/06/23','RR/MM/DD'),'Y','damwol-2.jpg','2025062310045396503.jpg','top');
Insert into SOYO.PRODUCT (PRODUCT_NO,PRODUCT_NAME,PRODUCT_PRICE,PRODUCT_CATEGORY,PRODUCT_CAPTION,PRODUCT_ORIGIN,PRODUCT_CHANGE,PRODUCT_REGISTERED_DATE,STATUS,PRODUCT_SUB_ORIGIN,PRODUCT_SUB_CHANGE,PRODUCT_TAG) values (18,'단청 원피스',285000,'여성','가장 한국적인 원피스, 단청원피스입니다.','dan-a.jpg','2025062310213197140.jpg',to_date('25/06/23','RR/MM/DD'),'Y','dan-b.jpg','2025062310213152493.jpg','top');
Insert into SOYO.PRODUCT (PRODUCT_NO,PRODUCT_NAME,PRODUCT_PRICE,PRODUCT_CATEGORY,PRODUCT_CAPTION,PRODUCT_ORIGIN,PRODUCT_CHANGE,PRODUCT_REGISTERED_DATE,STATUS,PRODUCT_SUB_ORIGIN,PRODUCT_SUB_CHANGE,PRODUCT_TAG) values (19,'오마주 단속곳 팬츠',256000,'여성','전통 단속곳에서 영감을 받은 큐롯 스타일의 팬츠입니다.','om-a.jpg','2025062310275458720.jpg',to_date('25/06/23','RR/MM/DD'),'Y','om-b.jpg','2025062310275485782.jpg','bottom');
Insert into SOYO.PRODUCT (PRODUCT_NO,PRODUCT_NAME,PRODUCT_PRICE,PRODUCT_CATEGORY,PRODUCT_CAPTION,PRODUCT_ORIGIN,PRODUCT_CHANGE,PRODUCT_REGISTERED_DATE,STATUS,PRODUCT_SUB_ORIGIN,PRODUCT_SUB_CHANGE,PRODUCT_TAG) values (20,'단청페이즐리 크롭 블루종',289000,'여성','단청 문양을 현대적으로 재해석한 단청페이즐리 크롭 블루종입니다.','crop-a.jpg','2025062310325021329.jpg',to_date('25/06/23','RR/MM/DD'),'Y','crop-b.jpg','2025062310325053458.jpg','top');
Insert into SOYO.PRODUCT (PRODUCT_NO,PRODUCT_NAME,PRODUCT_PRICE,PRODUCT_CATEGORY,PRODUCT_CAPTION,PRODUCT_ORIGIN,PRODUCT_CHANGE,PRODUCT_REGISTERED_DATE,STATUS,PRODUCT_SUB_ORIGIN,PRODUCT_SUB_CHANGE,PRODUCT_TAG) values (21,'헤리티지 저고리 자켓 레드',310000,'여성','한복 저고리의 곡선미를 현대적으로 재해석한 크롭 자켓입니다.','red-a.jpg','2025062310431677909.jpg',to_date('25/06/23','RR/MM/DD'),'Y','red-b.jpg','2025062310431688297.jpg','outer');
Insert into SOYO.PRODUCT (PRODUCT_NO,PRODUCT_NAME,PRODUCT_PRICE,PRODUCT_CATEGORY,PRODUCT_CAPTION,PRODUCT_ORIGIN,PRODUCT_CHANGE,PRODUCT_REGISTERED_DATE,STATUS,PRODUCT_SUB_ORIGIN,PRODUCT_SUB_CHANGE,PRODUCT_TAG) values (22,'극락정토 말기 뷔스티에 옥색',430000,'여성','한복 말기와 코르셋 디테일을 감각적으로 재해석한 뷔스티에입니다.','gr-a.jpg','2025062310484027487.jpg',to_date('25/06/23','RR/MM/DD'),'Y','gr-b.jpg','2025062310484040144.jpg','top');
Insert into SOYO.PRODUCT (PRODUCT_NO,PRODUCT_NAME,PRODUCT_PRICE,PRODUCT_CATEGORY,PRODUCT_CAPTION,PRODUCT_ORIGIN,PRODUCT_CHANGE,PRODUCT_REGISTERED_DATE,STATUS,PRODUCT_SUB_ORIGIN,PRODUCT_SUB_CHANGE,PRODUCT_TAG) values (23,'오마주 적삼 자켓 블랙',426000,'여성','적삼의 간결한 실루엣에서 영감을 받아,<br>현대적으로 재해석한 크롭 자켓입니다.','omj2-a.jpg','2025062310514752932.jpg',to_date('25/06/23','RR/MM/DD'),'Y','omj2-b.jpg','2025062310514729297.jpg','top');
Insert into SOYO.PRODUCT (PRODUCT_NO,PRODUCT_NAME,PRODUCT_PRICE,PRODUCT_CATEGORY,PRODUCT_CAPTION,PRODUCT_ORIGIN,PRODUCT_CHANGE,PRODUCT_REGISTERED_DATE,STATUS,PRODUCT_SUB_ORIGIN,PRODUCT_SUB_CHANGE,PRODUCT_TAG) values (24,'극락정토 말기 뷔스티에 라벤더',430000,'여성','한복 말기와 코르셋 디테일을 감각적으로 재해석한 뷔스티에입니다.','gr2-b.jpg','2025062312055612704.jpg',to_date('25/06/23','RR/MM/DD'),'Y','gr2-a.jpg','2025062312055640200.jpg','top');
Insert into SOYO.PRODUCT (PRODUCT_NO,PRODUCT_NAME,PRODUCT_PRICE,PRODUCT_CATEGORY,PRODUCT_CAPTION,PRODUCT_ORIGIN,PRODUCT_CHANGE,PRODUCT_REGISTERED_DATE,STATUS,PRODUCT_SUB_ORIGIN,PRODUCT_SUB_CHANGE,PRODUCT_TAG) values (25,'아동 선염 20수 브이넥 한벌',45000,'아동','봄 가을에 입기 좋은 20수 면으로 제작되었으며,<br>선염 공정을 거쳐 원단 발색이 선명하고 깔끔합니다.','24011_01.jpg','2025062316293084182.jpg',to_date('25/06/23','RR/MM/DD'),'Y','khaki02.jpg','2025062316293085006.jpg','top');
Insert into SOYO.PRODUCT (PRODUCT_NO,PRODUCT_NAME,PRODUCT_PRICE,PRODUCT_CATEGORY,PRODUCT_CAPTION,PRODUCT_ORIGIN,PRODUCT_CHANGE,PRODUCT_REGISTERED_DATE,STATUS,PRODUCT_SUB_ORIGIN,PRODUCT_SUB_CHANGE,PRODUCT_TAG) values (26,'담월 댕기 월백빛',100,'악세사리','서예가 이정화 작가와 협업하여 탄생한 월백빛 담월댕기입니다.','dd-b.jpg','2025062317012599748.jpg',to_date('25/06/23','RR/MM/DD'),'Y','dd-a.jpg','2025062317012575931.jpg','acc');
Insert into SOYO.PRODUCT (PRODUCT_NO,PRODUCT_NAME,PRODUCT_PRICE,PRODUCT_CATEGORY,PRODUCT_CAPTION,PRODUCT_ORIGIN,PRODUCT_CHANGE,PRODUCT_REGISTERED_DATE,STATUS,PRODUCT_SUB_ORIGIN,PRODUCT_SUB_CHANGE,PRODUCT_TAG) values (27,'화접도 댕기 베이지',100,'악세사리','제비부리 댕기에 민화 화접도 그래픽을 더해 완성한 화접도 댕기입니다.','hd-a.jpg','2025062317040630554.jpg',to_date('25/06/23','RR/MM/DD'),'Y','hd-b.jpg','2025062317040685625.jpg','acc');
Insert into SOYO.PRODUCT (PRODUCT_NO,PRODUCT_NAME,PRODUCT_PRICE,PRODUCT_CATEGORY,PRODUCT_CAPTION,PRODUCT_ORIGIN,PRODUCT_CHANGE,PRODUCT_REGISTERED_DATE,STATUS,PRODUCT_SUB_ORIGIN,PRODUCT_SUB_CHANGE,PRODUCT_TAG) values (28,'아동 선염 체크 배색 티바지 한벌',49500,'아동','기존 20수보다 더 단단하고 짜임이 좋은 고급면 원단을 사용했습니다.','1.png','2025062317221248581.png',to_date('25/06/23','RR/MM/DD'),'Y','2.png','2025062317200448642.png','bottom');
Insert into SOYO.PRODUCT (PRODUCT_NO,PRODUCT_NAME,PRODUCT_PRICE,PRODUCT_CATEGORY,PRODUCT_CAPTION,PRODUCT_ORIGIN,PRODUCT_CHANGE,PRODUCT_REGISTERED_DATE,STATUS,PRODUCT_SUB_ORIGIN,PRODUCT_SUB_CHANGE,PRODUCT_TAG) values (29,'아동 20수 봄 가을 브이넥 저고리 - 연두색',20000,'아동','아동 후염 봄 가을 브이넥 저고리입니다.<br>봄, 가을에 입기 좋은 20수 면으로 겨울 실내용으로도 착용 가능합니다.','6bab0e49bb22ad814dff2654b8793be6.jpg','2025062317522763850.jpg',to_date('25/06/23','RR/MM/DD'),'Y','10802_color1_01.jpg','2025062317470967027.jpg','top');
Insert into SOYO.PRODUCT (PRODUCT_NO,PRODUCT_NAME,PRODUCT_PRICE,PRODUCT_CATEGORY,PRODUCT_CAPTION,PRODUCT_ORIGIN,PRODUCT_CHANGE,PRODUCT_REGISTERED_DATE,STATUS,PRODUCT_SUB_ORIGIN,PRODUCT_SUB_CHANGE,PRODUCT_TAG) values (30,'아동 도비 배색 조끼',39000,'아동','봄, 가을, 겨울 실내용으로 두루두루 활용가능한 도비 원단으로 제작되었으며, 편하게 입으시도록 넉넉한 품과 힙을 반 덮는 기장감으로 만들었습니다.','1128_03.jpg','2025062510455024807.jpg',to_date('25/06/25','RR/MM/DD'),'Y','1128_04.jpg','2025062510455074533.jpg','top');
Insert into SOYO.PRODUCT (PRODUCT_NO,PRODUCT_NAME,PRODUCT_PRICE,PRODUCT_CATEGORY,PRODUCT_CAPTION,PRODUCT_ORIGIN,PRODUCT_CHANGE,PRODUCT_REGISTERED_DATE,STATUS,PRODUCT_SUB_ORIGIN,PRODUCT_SUB_CHANGE,PRODUCT_TAG) values (31,'아동 17수 선염 고무 바지',20000,'아동','바지는 허리와 발목을 고무밴딩이 흘러내리지 않고 잡아 주어 아이들이 뛰어놀기에도 안성맞춤입니다.','1127_01.jpg','2025062510555850509.jpg',to_date('25/06/25','RR/MM/DD'),'Y','1127_02.jpg','2025062510555837137.jpg','bottom');
Insert into SOYO.PRODUCT (PRODUCT_NO,PRODUCT_NAME,PRODUCT_PRICE,PRODUCT_CATEGORY,PRODUCT_CAPTION,PRODUCT_ORIGIN,PRODUCT_CHANGE,PRODUCT_REGISTERED_DATE,STATUS,PRODUCT_SUB_ORIGIN,PRODUCT_SUB_CHANGE,PRODUCT_TAG) values (32,'아동 20수 조끼·바지 한벌',40000,'아동','바지는 허리와 발목을 고무밴딩이 흘러내리지 않고 잡아 주어 아이들이 뛰어놀기에도 안성맞춤입니다.','20038_01.png','2025062512492542062.png',to_date('25/06/25','RR/MM/DD'),'Y','20038_02.png','2025062512492561352.png','top');
Insert into SOYO.PRODUCT (PRODUCT_NO,PRODUCT_NAME,PRODUCT_PRICE,PRODUCT_CATEGORY,PRODUCT_CAPTION,PRODUCT_ORIGIN,PRODUCT_CHANGE,PRODUCT_REGISTERED_DATE,STATUS,PRODUCT_SUB_ORIGIN,PRODUCT_SUB_CHANGE,PRODUCT_TAG) values (33,'아동 자수 반팔 반바지 한벌',35500,'남성','소재는 30수 고급면으로 제작되어 더운 여름철에 입기 좋습니다.','10342_01.jpg','2025062513092139141.jpg',to_date('25/06/25','RR/MM/DD'),'Y','10342_02.jpg','2025062513092150372.jpg','top');
REM INSERTING into SOYO.PRODUCT_SIZE
SET DEFINE OFF;
Insert into SOYO.PRODUCT_SIZE (PRODUCT_NO,PRODUCT_SIZE,STOCK_COUNT) values (12,'M',7);
Insert into SOYO.PRODUCT_SIZE (PRODUCT_NO,PRODUCT_SIZE,STOCK_COUNT) values (13,'M',6);
Insert into SOYO.PRODUCT_SIZE (PRODUCT_NO,PRODUCT_SIZE,STOCK_COUNT) values (14,'M',12);
Insert into SOYO.PRODUCT_SIZE (PRODUCT_NO,PRODUCT_SIZE,STOCK_COUNT) values (17,'M',4);
Insert into SOYO.PRODUCT_SIZE (PRODUCT_NO,PRODUCT_SIZE,STOCK_COUNT) values (18,'M',8);
Insert into SOYO.PRODUCT_SIZE (PRODUCT_NO,PRODUCT_SIZE,STOCK_COUNT) values (19,'M',12);
Insert into SOYO.PRODUCT_SIZE (PRODUCT_NO,PRODUCT_SIZE,STOCK_COUNT) values (20,'M',18);
Insert into SOYO.PRODUCT_SIZE (PRODUCT_NO,PRODUCT_SIZE,STOCK_COUNT) values (21,'M',9);
Insert into SOYO.PRODUCT_SIZE (PRODUCT_NO,PRODUCT_SIZE,STOCK_COUNT) values (22,'M',6);
Insert into SOYO.PRODUCT_SIZE (PRODUCT_NO,PRODUCT_SIZE,STOCK_COUNT) values (23,'M',8);
Insert into SOYO.PRODUCT_SIZE (PRODUCT_NO,PRODUCT_SIZE,STOCK_COUNT) values (24,'M',12);
Insert into SOYO.PRODUCT_SIZE (PRODUCT_NO,PRODUCT_SIZE,STOCK_COUNT) values (25,'M',0);
Insert into SOYO.PRODUCT_SIZE (PRODUCT_NO,PRODUCT_SIZE,STOCK_COUNT) values (26,'M',21);
Insert into SOYO.PRODUCT_SIZE (PRODUCT_NO,PRODUCT_SIZE,STOCK_COUNT) values (27,'M',18);
Insert into SOYO.PRODUCT_SIZE (PRODUCT_NO,PRODUCT_SIZE,STOCK_COUNT) values (28,'M',0);
Insert into SOYO.PRODUCT_SIZE (PRODUCT_NO,PRODUCT_SIZE,STOCK_COUNT) values (29,'M',12);
Insert into SOYO.PRODUCT_SIZE (PRODUCT_NO,PRODUCT_SIZE,STOCK_COUNT) values (30,'M',20);
Insert into SOYO.PRODUCT_SIZE (PRODUCT_NO,PRODUCT_SIZE,STOCK_COUNT) values (31,'M',0);
Insert into SOYO.PRODUCT_SIZE (PRODUCT_NO,PRODUCT_SIZE,STOCK_COUNT) values (13,'S',9);
Insert into SOYO.PRODUCT_SIZE (PRODUCT_NO,PRODUCT_SIZE,STOCK_COUNT) values (32,'M',0);
Insert into SOYO.PRODUCT_SIZE (PRODUCT_NO,PRODUCT_SIZE,STOCK_COUNT) values (33,'M',30);
REM INSERTING into SOYO.PRODUCT_TAG
SET DEFINE OFF;
Insert into SOYO.PRODUCT_TAG (PRODUCT_NO,TAG_NAME) values (12,'드레스');
Insert into SOYO.PRODUCT_TAG (PRODUCT_NO,TAG_NAME) values (12,'사계절용');
Insert into SOYO.PRODUCT_TAG (PRODUCT_NO,TAG_NAME) values (12,'시스루');
Insert into SOYO.PRODUCT_TAG (PRODUCT_NO,TAG_NAME) values (12,'원피스');
Insert into SOYO.PRODUCT_TAG (PRODUCT_NO,TAG_NAME) values (13,'드레스');
Insert into SOYO.PRODUCT_TAG (PRODUCT_NO,TAG_NAME) values (13,'시스루');
Insert into SOYO.PRODUCT_TAG (PRODUCT_NO,TAG_NAME) values (13,'여름한복');
Insert into SOYO.PRODUCT_TAG (PRODUCT_NO,TAG_NAME) values (13,'원피스');
Insert into SOYO.PRODUCT_TAG (PRODUCT_NO,TAG_NAME) values (14,'남녀공용');
Insert into SOYO.PRODUCT_TAG (PRODUCT_NO,TAG_NAME) values (14,'악세사리');
Insert into SOYO.PRODUCT_TAG (PRODUCT_NO,TAG_NAME) values (14,'허리띠');
Insert into SOYO.PRODUCT_TAG (PRODUCT_NO,TAG_NAME) values (17,'드레스');
Insert into SOYO.PRODUCT_TAG (PRODUCT_NO,TAG_NAME) values (17,'모던한복');
Insert into SOYO.PRODUCT_TAG (PRODUCT_NO,TAG_NAME) values (17,'사계절용');
Insert into SOYO.PRODUCT_TAG (PRODUCT_NO,TAG_NAME) values (17,'원피스');
Insert into SOYO.PRODUCT_TAG (PRODUCT_NO,TAG_NAME) values (18,'데일리한복');
Insert into SOYO.PRODUCT_TAG (PRODUCT_NO,TAG_NAME) values (18,'모던한복');
Insert into SOYO.PRODUCT_TAG (PRODUCT_NO,TAG_NAME) values (18,'사계절용');
Insert into SOYO.PRODUCT_TAG (PRODUCT_NO,TAG_NAME) values (18,'원피스');
Insert into SOYO.PRODUCT_TAG (PRODUCT_NO,TAG_NAME) values (19,'모던한복');
Insert into SOYO.PRODUCT_TAG (PRODUCT_NO,TAG_NAME) values (19,'바지');
Insert into SOYO.PRODUCT_TAG (PRODUCT_NO,TAG_NAME) values (19,'스트릿한복');
Insert into SOYO.PRODUCT_TAG (PRODUCT_NO,TAG_NAME) values (19,'치마');
Insert into SOYO.PRODUCT_TAG (PRODUCT_NO,TAG_NAME) values (20,'모던한복');
Insert into SOYO.PRODUCT_TAG (PRODUCT_NO,TAG_NAME) values (20,'스트릿한복');
Insert into SOYO.PRODUCT_TAG (PRODUCT_NO,TAG_NAME) values (20,'여름한복');
Insert into SOYO.PRODUCT_TAG (PRODUCT_NO,TAG_NAME) values (20,'자켓');
Insert into SOYO.PRODUCT_TAG (PRODUCT_NO,TAG_NAME) values (20,'크롭티');
Insert into SOYO.PRODUCT_TAG (PRODUCT_NO,TAG_NAME) values (21,'데일리한복');
Insert into SOYO.PRODUCT_TAG (PRODUCT_NO,TAG_NAME) values (21,'모던한복');
Insert into SOYO.PRODUCT_TAG (PRODUCT_NO,TAG_NAME) values (21,'자켓');
Insert into SOYO.PRODUCT_TAG (PRODUCT_NO,TAG_NAME) values (21,'저고리');
Insert into SOYO.PRODUCT_TAG (PRODUCT_NO,TAG_NAME) values (21,'크롭티');
Insert into SOYO.PRODUCT_TAG (PRODUCT_NO,TAG_NAME) values (22,'데일리한복');
Insert into SOYO.PRODUCT_TAG (PRODUCT_NO,TAG_NAME) values (22,'시스루');
Insert into SOYO.PRODUCT_TAG (PRODUCT_NO,TAG_NAME) values (22,'여름한복');
Insert into SOYO.PRODUCT_TAG (PRODUCT_NO,TAG_NAME) values (22,'저고리');
Insert into SOYO.PRODUCT_TAG (PRODUCT_NO,TAG_NAME) values (22,'크롭티');
Insert into SOYO.PRODUCT_TAG (PRODUCT_NO,TAG_NAME) values (23,'모던한복');
Insert into SOYO.PRODUCT_TAG (PRODUCT_NO,TAG_NAME) values (23,'시스루');
Insert into SOYO.PRODUCT_TAG (PRODUCT_NO,TAG_NAME) values (23,'여름한복');
Insert into SOYO.PRODUCT_TAG (PRODUCT_NO,TAG_NAME) values (23,'자켓');
Insert into SOYO.PRODUCT_TAG (PRODUCT_NO,TAG_NAME) values (23,'크롭티');
Insert into SOYO.PRODUCT_TAG (PRODUCT_NO,TAG_NAME) values (24,'데일리한복');
Insert into SOYO.PRODUCT_TAG (PRODUCT_NO,TAG_NAME) values (24,'시스루');
Insert into SOYO.PRODUCT_TAG (PRODUCT_NO,TAG_NAME) values (24,'여름한복');
Insert into SOYO.PRODUCT_TAG (PRODUCT_NO,TAG_NAME) values (24,'저고리');
Insert into SOYO.PRODUCT_TAG (PRODUCT_NO,TAG_NAME) values (24,'크롭티');
Insert into SOYO.PRODUCT_TAG (PRODUCT_NO,TAG_NAME) values (25,'남녀공용');
Insert into SOYO.PRODUCT_TAG (PRODUCT_NO,TAG_NAME) values (25,'데일리한복');
Insert into SOYO.PRODUCT_TAG (PRODUCT_NO,TAG_NAME) values (26,'댕기');
Insert into SOYO.PRODUCT_TAG (PRODUCT_NO,TAG_NAME) values (26,'데일리한복');
Insert into SOYO.PRODUCT_TAG (PRODUCT_NO,TAG_NAME) values (26,'모던한복');
Insert into SOYO.PRODUCT_TAG (PRODUCT_NO,TAG_NAME) values (26,'악세사리');
Insert into SOYO.PRODUCT_TAG (PRODUCT_NO,TAG_NAME) values (27,'댕기');
Insert into SOYO.PRODUCT_TAG (PRODUCT_NO,TAG_NAME) values (27,'데일리한복');
Insert into SOYO.PRODUCT_TAG (PRODUCT_NO,TAG_NAME) values (27,'모던한복');
Insert into SOYO.PRODUCT_TAG (PRODUCT_NO,TAG_NAME) values (27,'악세사리');
Insert into SOYO.PRODUCT_TAG (PRODUCT_NO,TAG_NAME) values (28,'남녀공용');
Insert into SOYO.PRODUCT_TAG (PRODUCT_NO,TAG_NAME) values (28,'데일리한복');
Insert into SOYO.PRODUCT_TAG (PRODUCT_NO,TAG_NAME) values (28,'바지');
Insert into SOYO.PRODUCT_TAG (PRODUCT_NO,TAG_NAME) values (28,'사계절용');
Insert into SOYO.PRODUCT_TAG (PRODUCT_NO,TAG_NAME) values (29,'남녀공용');
Insert into SOYO.PRODUCT_TAG (PRODUCT_NO,TAG_NAME) values (29,'데일리한복');
Insert into SOYO.PRODUCT_TAG (PRODUCT_NO,TAG_NAME) values (29,'저고리');
Insert into SOYO.PRODUCT_TAG (PRODUCT_NO,TAG_NAME) values (30,'겨울한복');
Insert into SOYO.PRODUCT_TAG (PRODUCT_NO,TAG_NAME) values (30,'남녀공용');
Insert into SOYO.PRODUCT_TAG (PRODUCT_NO,TAG_NAME) values (30,'데일리한복');
Insert into SOYO.PRODUCT_TAG (PRODUCT_NO,TAG_NAME) values (30,'조끼');
Insert into SOYO.PRODUCT_TAG (PRODUCT_NO,TAG_NAME) values (31,'겨울한복');
Insert into SOYO.PRODUCT_TAG (PRODUCT_NO,TAG_NAME) values (31,'남녀공용');
Insert into SOYO.PRODUCT_TAG (PRODUCT_NO,TAG_NAME) values (31,'데일리한복');
Insert into SOYO.PRODUCT_TAG (PRODUCT_NO,TAG_NAME) values (31,'바지');
Insert into SOYO.PRODUCT_TAG (PRODUCT_NO,TAG_NAME) values (32,'겨울한복');
Insert into SOYO.PRODUCT_TAG (PRODUCT_NO,TAG_NAME) values (32,'남녀공용');
Insert into SOYO.PRODUCT_TAG (PRODUCT_NO,TAG_NAME) values (32,'데일리한복');
Insert into SOYO.PRODUCT_TAG (PRODUCT_NO,TAG_NAME) values (32,'바지');
Insert into SOYO.PRODUCT_TAG (PRODUCT_NO,TAG_NAME) values (32,'조끼');
Insert into SOYO.PRODUCT_TAG (PRODUCT_NO,TAG_NAME) values (33,'남녀공용');
Insert into SOYO.PRODUCT_TAG (PRODUCT_NO,TAG_NAME) values (33,'데일리한복');
Insert into SOYO.PRODUCT_TAG (PRODUCT_NO,TAG_NAME) values (33,'바지');
Insert into SOYO.PRODUCT_TAG (PRODUCT_NO,TAG_NAME) values (33,'여름한복');
REM INSERTING into SOYO.RECENT_VIEW
SET DEFINE OFF;
REM INSERTING into SOYO.REVIEW
SET DEFINE OFF;
Insert into SOYO.REVIEW (REVIEW_NO,REVIEW_TITLE,REVIEW_CONTENT,RATING,REVIEW_THUMBNAIL_ORIGIN,REVIEW_THUMBNAIL_CHANGE,REVIEW_DATE,STATUS,PRODUCT_NO,MEMBER_ID) values (1,'정말 만족스러운 제품입니다!','배송이 빠르고 제품 퀄리티도 굿!',5,'sample1.jpg','2025061910000012345.jpg',to_date('25/06/19','RR/MM/DD'),'Y',12,'user01');
Insert into SOYO.REVIEW (REVIEW_NO,REVIEW_TITLE,REVIEW_CONTENT,RATING,REVIEW_THUMBNAIL_ORIGIN,REVIEW_THUMBNAIL_CHANGE,REVIEW_DATE,STATUS,PRODUCT_NO,MEMBER_ID) values (2,'무난하게 좋아요','생각보다 괜찮고 착용감도 좋아요.',4,'sample2.jpg','2025061910000023456.jpg',to_date('25/06/19','RR/MM/DD'),'Y',12,'user02');
Insert into SOYO.REVIEW (REVIEW_NO,REVIEW_TITLE,REVIEW_CONTENT,RATING,REVIEW_THUMBNAIL_ORIGIN,REVIEW_THUMBNAIL_CHANGE,REVIEW_DATE,STATUS,PRODUCT_NO,MEMBER_ID) values (3,'조금 아쉬웠어요','디자인은 예쁜데 사이즈가 작았어요.',3,'sample3.jpg','2025061910000034567.jpg',to_date('25/06/19','RR/MM/DD'),'Y',12,'user03');
Insert into SOYO.REVIEW (REVIEW_NO,REVIEW_TITLE,REVIEW_CONTENT,RATING,REVIEW_THUMBNAIL_ORIGIN,REVIEW_THUMBNAIL_CHANGE,REVIEW_DATE,STATUS,PRODUCT_NO,MEMBER_ID) values (4,'너무 만족스러워요','정말 예쁘고 고급스러워요. 추천합니다!',5,'origin1.jpg','change1.jpg',to_date('25/06/19','RR/MM/DD'),'Y',13,'user06');
Insert into SOYO.REVIEW (REVIEW_NO,REVIEW_TITLE,REVIEW_CONTENT,RATING,REVIEW_THUMBNAIL_ORIGIN,REVIEW_THUMBNAIL_CHANGE,REVIEW_DATE,STATUS,PRODUCT_NO,MEMBER_ID) values (5,'괜찮아요!','생각보다 배송이 빨라서 만족했어요.',4,'origin2.jpg','change2.jpg',to_date('25/06/18','RR/MM/DD'),'Y',14,'user08');
Insert into SOYO.REVIEW (REVIEW_NO,REVIEW_TITLE,REVIEW_CONTENT,RATING,REVIEW_THUMBNAIL_ORIGIN,REVIEW_THUMBNAIL_CHANGE,REVIEW_DATE,STATUS,PRODUCT_NO,MEMBER_ID) values (6,'디자인이 고급스러워요','사진보다 실물이 더 예쁩니다. 선물용으로도 좋아요!',5,'review1.jpg','20250620_review1_123.jpg',to_date('25/06/20','RR/MM/DD'),'Y',13,'user22');
Insert into SOYO.REVIEW (REVIEW_NO,REVIEW_TITLE,REVIEW_CONTENT,RATING,REVIEW_THUMBNAIL_ORIGIN,REVIEW_THUMBNAIL_CHANGE,REVIEW_DATE,STATUS,PRODUCT_NO,MEMBER_ID) values (7,'가격 대비 만족도 좋아요','배송도 빠르고 품질도 괜찮네요. 다만 포장이 조금 아쉬웠어요.',4,'review2.jpg','20250620_review2_124.jpg',to_date('25/06/20','RR/MM/DD'),'Y',13,'user24');
Insert into SOYO.REVIEW (REVIEW_NO,REVIEW_TITLE,REVIEW_CONTENT,RATING,REVIEW_THUMBNAIL_ORIGIN,REVIEW_THUMBNAIL_CHANGE,REVIEW_DATE,STATUS,PRODUCT_NO,MEMBER_ID) values (8,'맘에드는 디자인이에요','실제로 사보니 굉장히 맘에 들었어요',5,'review3.jpg','20250623_review3_123.jpg',to_date('25/06/23','RR/MM/DD'),'Y',13,'gustn10');
Insert into SOYO.REVIEW (REVIEW_NO,REVIEW_TITLE,REVIEW_CONTENT,RATING,REVIEW_THUMBNAIL_ORIGIN,REVIEW_THUMBNAIL_CHANGE,REVIEW_DATE,STATUS,PRODUCT_NO,MEMBER_ID) values (9,'조금 아쉽네요','이쁘긴한데 상태가 조금 안좋아요',3,'review4.jpg','20250623_review4_123.jpg',to_date('25/06/23','RR/MM/DD'),'Y',14,'gustn10');
Insert into SOYO.REVIEW (REVIEW_NO,REVIEW_TITLE,REVIEW_CONTENT,RATING,REVIEW_THUMBNAIL_ORIGIN,REVIEW_THUMBNAIL_CHANGE,REVIEW_DATE,STATUS,PRODUCT_NO,MEMBER_ID) values (10,'디자인이 고급스러워요','사진보다 실물이 더 예쁩니다. 선물용으로도 좋아요!',5,'review1.jpg','20250620_review1_123.jpg',to_date('25/06/20','RR/MM/DD'),'Y',13,'gustn10');
Insert into SOYO.REVIEW (REVIEW_NO,REVIEW_TITLE,REVIEW_CONTENT,RATING,REVIEW_THUMBNAIL_ORIGIN,REVIEW_THUMBNAIL_CHANGE,REVIEW_DATE,STATUS,PRODUCT_NO,MEMBER_ID) values (11,'디자인이 너무 고급스러워요','사진보다 실물이 더 예쁩니다.',4,'review1.jpg','20250620_review1_123.jpg',to_date('25/06/20','RR/MM/DD'),'Y',13,'gustn10');
Insert into SOYO.REVIEW (REVIEW_NO,REVIEW_TITLE,REVIEW_CONTENT,RATING,REVIEW_THUMBNAIL_ORIGIN,REVIEW_THUMBNAIL_CHANGE,REVIEW_DATE,STATUS,PRODUCT_NO,MEMBER_ID) values (12,'디자인이 너무 고급스러워요','사진보다 실물이 더 예쁩니다.',4,'review1.jpg','20250620_review1_123.jpg',to_date('25/06/20','RR/MM/DD'),'Y',13,'gustn10');
REM INSERTING into SOYO.TB_LIKE
SET DEFINE OFF;
REM INSERTING into SOYO.WISH_LIST
SET DEFINE OFF;
Insert into SOYO.WISH_LIST (MEMBER_ID,PRODUCT_NO) values ('user01',13);
Insert into SOYO.WISH_LIST (MEMBER_ID,PRODUCT_NO) values ('user100',12);
--------------------------------------------------------
--  DDL for Index PK_PRODUCT
--------------------------------------------------------

  CREATE UNIQUE INDEX "SOYO"."PK_PRODUCT" ON "SOYO"."PRODUCT_SIZE" ("PRODUCT_NO", "PRODUCT_SIZE") 
  PCTFREE 10 INITRANS 2 MAXTRANS 255 COMPUTE STATISTICS 
  STORAGE(INITIAL 65536 NEXT 1048576 MINEXTENTS 1 MAXEXTENTS 2147483645
  PCTINCREASE 0 FREELISTS 1 FREELIST GROUPS 1 BUFFER_POOL DEFAULT FLASH_CACHE DEFAULT CELL_FLASH_CACHE DEFAULT)
  TABLESPACE "SYSTEM"
--------------------------------------------------------
--  Constraints for Table PRODUCT_TAG
--------------------------------------------------------

  ALTER TABLE "SOYO"."PRODUCT_TAG" ADD PRIMARY KEY ("PRODUCT_NO", "TAG_NAME")
  USING INDEX PCTFREE 10 INITRANS 2 MAXTRANS 255 COMPUTE STATISTICS 
  STORAGE(INITIAL 65536 NEXT 1048576 MINEXTENTS 1 MAXEXTENTS 2147483645
  PCTINCREASE 0 FREELISTS 1 FREELIST GROUPS 1 BUFFER_POOL DEFAULT FLASH_CACHE DEFAULT CELL_FLASH_CACHE DEFAULT)
  TABLESPACE "SYSTEM"  ENABLE
--------------------------------------------------------
--  Constraints for Table ORDER_TB
--------------------------------------------------------

  ALTER TABLE "SOYO"."ORDER_TB" ADD UNIQUE ("ORDER_IMPNO")
  USING INDEX PCTFREE 10 INITRANS 2 MAXTRANS 255 COMPUTE STATISTICS 
  STORAGE(INITIAL 65536 NEXT 1048576 MINEXTENTS 1 MAXEXTENTS 2147483645
  PCTINCREASE 0 FREELISTS 1 FREELIST GROUPS 1 BUFFER_POOL DEFAULT FLASH_CACHE DEFAULT CELL_FLASH_CACHE DEFAULT)
  TABLESPACE "SYSTEM"  ENABLE
  ALTER TABLE "SOYO"."ORDER_TB" ADD PRIMARY KEY ("ORDER_NO")
  USING INDEX PCTFREE 10 INITRANS 2 MAXTRANS 255 COMPUTE STATISTICS 
  STORAGE(INITIAL 65536 NEXT 1048576 MINEXTENTS 1 MAXEXTENTS 2147483645
  PCTINCREASE 0 FREELISTS 1 FREELIST GROUPS 1 BUFFER_POOL DEFAULT FLASH_CACHE DEFAULT CELL_FLASH_CACHE DEFAULT)
  TABLESPACE "SYSTEM"  ENABLE
  ALTER TABLE "SOYO"."ORDER_TB" MODIFY ("MEMBER_ID" NOT NULL ENABLE)
  ALTER TABLE "SOYO"."ORDER_TB" MODIFY ("ORDER_DATE" NOT NULL ENABLE)
  ALTER TABLE "SOYO"."ORDER_TB" MODIFY ("TOTAL_PRICE" NOT NULL ENABLE)
  ALTER TABLE "SOYO"."ORDER_TB" MODIFY ("ORDER_IMPNO" NOT NULL ENABLE)
--------------------------------------------------------
--  Constraints for Table RECENT_VIEW
--------------------------------------------------------

  ALTER TABLE "SOYO"."RECENT_VIEW" MODIFY ("MEMBER_ID" NOT NULL ENABLE)
--------------------------------------------------------
--  Constraints for Table WISH_LIST
--------------------------------------------------------

  ALTER TABLE "SOYO"."WISH_LIST" MODIFY ("MEMBER_ID" NOT NULL ENABLE)
--------------------------------------------------------
--  Constraints for Table DELIVERY_ADDRESS
--------------------------------------------------------

  ALTER TABLE "SOYO"."DELIVERY_ADDRESS" ADD PRIMARY KEY ("ADDRESS_NO")
  USING INDEX PCTFREE 10 INITRANS 2 MAXTRANS 255 COMPUTE STATISTICS 
  STORAGE(INITIAL 65536 NEXT 1048576 MINEXTENTS 1 MAXEXTENTS 2147483645
  PCTINCREASE 0 FREELISTS 1 FREELIST GROUPS 1 BUFFER_POOL DEFAULT FLASH_CACHE DEFAULT CELL_FLASH_CACHE DEFAULT)
  TABLESPACE "SYSTEM"  ENABLE
  ALTER TABLE "SOYO"."DELIVERY_ADDRESS" MODIFY ("MEMBER_ID" NOT NULL ENABLE)
  ALTER TABLE "SOYO"."DELIVERY_ADDRESS" MODIFY ("ADDRESS_OTHER" NOT NULL ENABLE)
  ALTER TABLE "SOYO"."DELIVERY_ADDRESS" MODIFY ("ADDRESS_NAME" NOT NULL ENABLE)
--------------------------------------------------------
--  Constraints for Table NOTICE
--------------------------------------------------------

  ALTER TABLE "SOYO"."NOTICE" ADD PRIMARY KEY ("NOTICE_NO")
  USING INDEX PCTFREE 10 INITRANS 2 MAXTRANS 255 COMPUTE STATISTICS 
  STORAGE(INITIAL 65536 NEXT 1048576 MINEXTENTS 1 MAXEXTENTS 2147483645
  PCTINCREASE 0 FREELISTS 1 FREELIST GROUPS 1 BUFFER_POOL DEFAULT FLASH_CACHE DEFAULT CELL_FLASH_CACHE DEFAULT)
  TABLESPACE "SYSTEM"  ENABLE
--------------------------------------------------------
--  Constraints for Table MEMBER
--------------------------------------------------------

  ALTER TABLE "SOYO"."MEMBER" ADD PRIMARY KEY ("MEMBER_ID")
  USING INDEX PCTFREE 10 INITRANS 2 MAXTRANS 255 COMPUTE STATISTICS 
  STORAGE(INITIAL 65536 NEXT 1048576 MINEXTENTS 1 MAXEXTENTS 2147483645
  PCTINCREASE 0 FREELISTS 1 FREELIST GROUPS 1 BUFFER_POOL DEFAULT FLASH_CACHE DEFAULT CELL_FLASH_CACHE DEFAULT)
  TABLESPACE "SYSTEM"  ENABLE
  ALTER TABLE "SOYO"."MEMBER" ADD CHECK (STATUS IN ('Y','N')) ENABLE
  ALTER TABLE "SOYO"."MEMBER" MODIFY ("STATUS" NOT NULL ENABLE)
  ALTER TABLE "SOYO"."MEMBER" MODIFY ("ENROLL_DATE" NOT NULL ENABLE)
  ALTER TABLE "SOYO"."MEMBER" MODIFY ("ADDRESS" NOT NULL ENABLE)
  ALTER TABLE "SOYO"."MEMBER" MODIFY ("PHONE" NOT NULL ENABLE)
  ALTER TABLE "SOYO"."MEMBER" MODIFY ("EMAIL" NOT NULL ENABLE)
  ALTER TABLE "SOYO"."MEMBER" MODIFY ("BIRTH_DATE" NOT NULL ENABLE)
  ALTER TABLE "SOYO"."MEMBER" MODIFY ("MEMBER_NAME" NOT NULL ENABLE)
  ALTER TABLE "SOYO"."MEMBER" MODIFY ("MEMBER_PWD" NOT NULL ENABLE)
--------------------------------------------------------
--  Constraints for Table PRODUCT_SIZE
--------------------------------------------------------

  ALTER TABLE "SOYO"."PRODUCT_SIZE" ADD CONSTRAINT "PK_PRODUCT" PRIMARY KEY ("PRODUCT_NO", "PRODUCT_SIZE")
  USING INDEX PCTFREE 10 INITRANS 2 MAXTRANS 255 COMPUTE STATISTICS 
  STORAGE(INITIAL 65536 NEXT 1048576 MINEXTENTS 1 MAXEXTENTS 2147483645
  PCTINCREASE 0 FREELISTS 1 FREELIST GROUPS 1 BUFFER_POOL DEFAULT FLASH_CACHE DEFAULT CELL_FLASH_CACHE DEFAULT)
  TABLESPACE "SYSTEM"  ENABLE
  ALTER TABLE "SOYO"."PRODUCT_SIZE" MODIFY ("PRODUCT_SIZE" NOT NULL ENABLE)
  ALTER TABLE "SOYO"."PRODUCT_SIZE" MODIFY ("PRODUCT_NO" NOT NULL ENABLE)
--------------------------------------------------------
--  Constraints for Table CART
--------------------------------------------------------

  ALTER TABLE "SOYO"."CART" ADD PRIMARY KEY ("CART_NO")
  USING INDEX PCTFREE 10 INITRANS 2 MAXTRANS 255 COMPUTE STATISTICS 
  STORAGE(INITIAL 65536 NEXT 1048576 MINEXTENTS 1 MAXEXTENTS 2147483645
  PCTINCREASE 0 FREELISTS 1 FREELIST GROUPS 1 BUFFER_POOL DEFAULT FLASH_CACHE DEFAULT CELL_FLASH_CACHE DEFAULT)
  TABLESPACE "SYSTEM"  ENABLE
  ALTER TABLE "SOYO"."CART" MODIFY ("MEMBER_ID" NOT NULL ENABLE)
--------------------------------------------------------
--  Constraints for Table PRODUCT
--------------------------------------------------------

  ALTER TABLE "SOYO"."PRODUCT" ADD PRIMARY KEY ("PRODUCT_NO")
  USING INDEX PCTFREE 10 INITRANS 2 MAXTRANS 255 COMPUTE STATISTICS 
  STORAGE(INITIAL 65536 NEXT 1048576 MINEXTENTS 1 MAXEXTENTS 2147483645
  PCTINCREASE 0 FREELISTS 1 FREELIST GROUPS 1 BUFFER_POOL DEFAULT FLASH_CACHE DEFAULT CELL_FLASH_CACHE DEFAULT)
  TABLESPACE "SYSTEM"  ENABLE
--------------------------------------------------------
--  Constraints for Table REVIEW
--------------------------------------------------------

  ALTER TABLE "SOYO"."REVIEW" ADD PRIMARY KEY ("REVIEW_NO")
  USING INDEX PCTFREE 10 INITRANS 2 MAXTRANS 255 COMPUTE STATISTICS 
  STORAGE(INITIAL 65536 NEXT 1048576 MINEXTENTS 1 MAXEXTENTS 2147483645
  PCTINCREASE 0 FREELISTS 1 FREELIST GROUPS 1 BUFFER_POOL DEFAULT FLASH_CACHE DEFAULT CELL_FLASH_CACHE DEFAULT)
  TABLESPACE "SYSTEM"  ENABLE
  ALTER TABLE "SOYO"."REVIEW" MODIFY ("MEMBER_ID" NOT NULL ENABLE)
  ALTER TABLE "SOYO"."REVIEW" MODIFY ("REVIEW_DATE" NOT NULL ENABLE)
  ALTER TABLE "SOYO"."REVIEW" MODIFY ("REVIEW_THUMBNAIL_CHANGE" NOT NULL ENABLE)
  ALTER TABLE "SOYO"."REVIEW" MODIFY ("REVIEW_TITLE" NOT NULL ENABLE)
--------------------------------------------------------
--  Constraints for Table TB_LIKE
--------------------------------------------------------

  ALTER TABLE "SOYO"."TB_LIKE" MODIFY ("MEMBER_ID" NOT NULL ENABLE)
--------------------------------------------------------
--  Constraints for Table PAYMENT
--------------------------------------------------------

  ALTER TABLE "SOYO"."PAYMENT" MODIFY ("ORDER_IMPNO" NOT NULL ENABLE)
--------------------------------------------------------
--  Ref Constraints for Table PRODUCT_SIZE
--------------------------------------------------------

  ALTER TABLE "SOYO"."PRODUCT_SIZE" ADD CONSTRAINT "FK_PRODUCT_NO" FOREIGN KEY ("PRODUCT_NO")
	  REFERENCES "SOYO"."PRODUCT" ("PRODUCT_NO") ENABLE
